,time,patients in ATU,all patients waiting,patients at admin,patients between treatment cycles,patients at consultation,patients at treatment,patients at pharmacy,patients in between treatments,patients at cashier,patients ADR,priority 1 patients waiting,priority 2 patients waiting,priority 3 patients waiting,resources occupied,nurses occupied,docs occupied,chairs occupied,pharmacists occupied,cashiers occupied,nurse utilization,doc utilization,chair utilization,cashier utilization,pharmacist utilization,datetime,cost per unit time
0,0,0,0,0,0,0,0,0,0,0,0,0,0,0,0,0,0,0,0,0,0.0,0.0,0.0,0.0,0.0,2020-01-01 00:00:00,0.0
1,60,0,0,0,0,0,0,0,0,0,0,0,0,0,0,0,0,0,0,0,0.0,0.0,0.0,0.0,0.0,2020-01-01 01:00:00,0.0
2,120,0,0,0,0,0,0,0,0,0,0,0,0,0,0,0,0,0,0,0,0.0,0.0,0.0,0.0,0.0,2020-01-01 02:00:00,0.0
3,180,0,0,0,0,0,0,0,0,0,0,0,0,0,0,0,0,0,0,0,0.0,0.0,0.0,0.0,0.0,2020-01-01 03:00:00,0.0
4,240,1,0,0,0,1,0,0,0,0,0,0,0,0,1,0,1,0,0,0,0.0,1.0,0.0,0.0,0.0,2020-01-01 04:00:00,5.165517241379311
5,300,1,0,0,0,0,1,0,0,0,0,0,0,0,1,1,0,0,0,0,0.5,0.0,0.0,0.0,0.0,2020-01-01 05:00:00,6.963333333333334
6,360,0,0,0,1,0,0,0,0,0,0,0,0,0,0,0,0,0,0,0,0.0,0.0,0.0,0.0,0.0,2020-01-01 06:00:00,0.0
7,420,0,0,0,1,0,0,0,0,0,0,0,0,0,0,0,0,0,0,0,0.0,0.0,0.0,0.0,0.0,2020-01-01 07:00:00,0.0
8,480,0,0,0,1,0,0,0,0,0,0,0,0,0,0,0,0,0,0,0,0.0,0.0,0.0,0.0,0.0,2020-01-01 08:00:00,0.0
9,540,0,0,0,1,0,0,0,0,0,0,0,0,0,0,0,0,0,0,0,0.0,0.0,0.0,0.0,0.0,2020-01-01 09:00:00,0.0
10,600,0,0,0,1,0,0,0,0,0,0,0,0,0,0,0,0,0,0,0,0.0,0.0,0.0,0.0,0.0,2020-01-01 10:00:00,0.0
11,660,0,0,0,1,0,0,0,0,0,0,0,0,0,0,0,0,0,0,0,0.0,0.0,0.0,0.0,0.0,2020-01-01 11:00:00,0.0
12,720,1,0,0,1,1,0,0,0,0,0,0,0,0,1,0,1,0,0,0,0.0,1.0,0.0,0.0,0.0,2020-01-01 12:00:00,2.5827586206896553
13,780,0,0,0,2,0,0,0,0,0,0,0,0,0,0,0,0,0,0,0,0.0,0.0,0.0,0.0,0.0,2020-01-01 13:00:00,0.0
14,840,1,0,0,2,1,0,0,0,0,0,0,0,0,1,0,1,0,0,0,0.0,1.0,0.0,0.0,0.0,2020-01-01 14:00:00,1.7218390804597703
15,900,1,0,0,2,0,1,0,0,0,0,0,0,0,1,1,0,0,0,0,0.5,0.0,0.0,0.0,0.0,2020-01-01 15:00:00,2.321111111111111
16,960,0,0,0,3,0,0,0,0,0,0,0,0,0,0,0,0,0,0,0,0.0,0.0,0.0,0.0,0.0,2020-01-01 16:00:00,0.0
17,1020,0,0,0,3,0,0,0,0,0,0,0,0,0,0,0,0,0,0,0,0.0,0.0,0.0,0.0,0.0,2020-01-01 17:00:00,0.0
18,1080,0,0,0,3,0,0,0,0,0,0,0,0,0,0,0,0,0,0,0,0.0,0.0,0.0,0.0,0.0,2020-01-01 18:00:00,0.0
19,1140,0,0,0,3,0,0,0,0,0,0,0,0,0,0,0,0,0,0,0,0.0,0.0,0.0,0.0,0.0,2020-01-01 19:00:00,0.0
20,1200,0,0,0,3,0,0,0,0,0,0,0,0,0,0,0,0,0,0,0,0.0,0.0,0.0,0.0,0.0,2020-01-01 20:00:00,0.0
21,1260,0,0,0,3,0,0,0,0,0,0,0,0,0,0,0,0,0,0,0,0.0,0.0,0.0,0.0,0.0,2020-01-01 21:00:00,0.0
22,1320,0,0,0,3,0,0,0,0,0,0,0,0,0,0,0,0,0,0,0,0.0,0.0,0.0,0.0,0.0,2020-01-01 22:00:00,0.0
23,1380,0,0,0,3,0,0,0,0,0,0,0,0,0,0,0,0,0,0,0,0.0,0.0,0.0,0.0,0.0,2020-01-01 23:00:00,0.0
24,1440,0,0,0,3,0,0,0,0,0,0,0,0,0,0,0,0,0,0,0,0.0,0.0,0.0,0.0,0.0,2020-01-02 00:00:00,0.0
25,1500,0,0,0,3,0,0,0,0,0,0,0,0,0,0,0,0,0,0,0,0.0,0.0,0.0,0.0,0.0,2020-01-02 01:00:00,0.0
26,1560,0,0,0,3,0,0,0,0,0,0,0,0,0,0,0,0,0,0,0,0.0,0.0,0.0,0.0,0.0,2020-01-02 02:00:00,0.0
27,1620,0,0,0,3,0,0,0,0,0,0,0,0,0,0,0,0,0,0,0,0.0,0.0,0.0,0.0,0.0,2020-01-02 03:00:00,0.0
28,1680,0,0,0,3,0,0,0,0,0,0,0,0,0,0,0,0,0,0,0,0.0,0.0,0.0,0.0,0.0,2020-01-02 04:00:00,0.0
29,1740,0,0,0,3,0,0,0,0,0,0,0,0,0,0,0,0,0,0,0,0.0,0.0,0.0,0.0,0.0,2020-01-02 05:00:00,0.0
30,1800,0,0,0,3,0,0,0,0,0,0,0,0,0,0,0,0,0,0,0,0.0,0.0,0.0,0.0,0.0,2020-01-02 06:00:00,0.0
31,1860,0,0,0,3,0,0,0,0,0,0,0,0,0,0,0,0,0,0,0,0.0,0.0,0.0,0.0,0.0,2020-01-02 07:00:00,0.0
32,1920,0,0,0,3,0,0,0,0,0,0,0,0,0,0,0,0,0,0,0,0.0,0.0,0.0,0.0,0.0,2020-01-02 08:00:00,0.0
33,1980,0,0,0,3,0,0,0,0,0,0,0,0,0,0,0,0,0,0,0,0.0,0.0,0.0,0.0,0.0,2020-01-02 09:00:00,0.0
34,2040,0,0,0,3,0,0,0,0,0,0,0,0,0,0,0,0,0,0,0,0.0,0.0,0.0,0.0,0.0,2020-01-02 10:00:00,0.0
35,2100,0,0,0,3,0,0,0,0,0,0,0,0,0,0,0,0,0,0,0,0.0,0.0,0.0,0.0,0.0,2020-01-02 11:00:00,0.0
36,2160,0,0,0,3,0,0,0,0,0,0,0,0,0,0,0,0,0,0,0,0.0,0.0,0.0,0.0,0.0,2020-01-02 12:00:00,0.0
37,2220,0,0,0,3,0,0,0,0,0,0,0,0,0,0,0,0,0,0,0,0.0,0.0,0.0,0.0,0.0,2020-01-02 13:00:00,0.0
38,2280,1,0,1,3,0,0,0,0,0,0,0,0,0,1,1,0,0,0,0,0.5,0.0,0.0,0.0,0.0,2020-01-02 14:00:00,0.14
39,2340,0,0,0,4,0,0,0,0,0,0,0,0,0,0,0,0,0,0,0,0.0,0.0,0.0,0.0,0.0,2020-01-02 15:00:00,0.0
40,2400,0,0,0,4,0,0,0,0,0,0,0,0,0,0,0,0,0,0,0,0.0,0.0,0.0,0.0,0.0,2020-01-02 16:00:00,0.0
41,2460,0,0,0,4,0,0,0,0,0,0,0,0,0,0,0,0,0,0,0,0.0,0.0,0.0,0.0,0.0,2020-01-02 17:00:00,0.0
42,2520,0,0,0,4,0,0,0,0,0,0,0,0,0,0,0,0,0,0,0,0.0,0.0,0.0,0.0,0.0,2020-01-02 18:00:00,0.0
43,2580,0,0,0,4,0,0,0,0,0,0,0,0,0,0,0,0,0,0,0,0.0,0.0,0.0,0.0,0.0,2020-01-02 19:00:00,0.0
44,2640,0,0,0,4,0,0,0,0,0,0,0,0,0,0,0,0,0,0,0,0.0,0.0,0.0,0.0,0.0,2020-01-02 20:00:00,0.0
45,2700,0,0,0,4,0,0,0,0,0,0,0,0,0,0,0,0,0,0,0,0.0,0.0,0.0,0.0,0.0,2020-01-02 21:00:00,0.0
46,2760,0,0,0,4,0,0,0,0,0,0,0,0,0,0,0,0,0,0,0,0.0,0.0,0.0,0.0,0.0,2020-01-02 22:00:00,0.0
47,2820,0,0,0,4,0,0,0,0,0,0,0,0,0,0,0,0,0,0,0,0.0,0.0,0.0,0.0,0.0,2020-01-02 23:00:00,0.0
48,2880,0,0,0,4,0,0,0,0,0,0,0,0,0,0,0,0,0,0,0,0.0,0.0,0.0,0.0,0.0,2020-01-03 00:00:00,0.0
49,2940,0,0,0,4,0,0,0,0,0,0,0,0,0,0,0,0,0,0,0,0.0,0.0,0.0,0.0,0.0,2020-01-03 01:00:00,0.0
50,3000,0,0,0,4,0,0,0,0,0,0,0,0,0,0,0,0,0,0,0,0.0,0.0,0.0,0.0,0.0,2020-01-03 02:00:00,0.0
51,3060,0,0,0,4,0,0,0,0,0,0,0,0,0,0,0,0,0,0,0,0.0,0.0,0.0,0.0,0.0,2020-01-03 03:00:00,0.0
52,3120,0,0,0,4,0,0,0,0,0,0,0,0,0,0,0,0,0,0,0,0.0,0.0,0.0,0.0,0.0,2020-01-03 04:00:00,0.0
53,3180,0,0,0,4,0,0,0,0,0,0,0,0,0,0,0,0,0,0,0,0.0,0.0,0.0,0.0,0.0,2020-01-03 05:00:00,0.0
54,3240,0,0,0,4,0,0,0,0,0,0,0,0,0,0,0,0,0,0,0,0.0,0.0,0.0,0.0,0.0,2020-01-03 06:00:00,0.0
55,3300,0,0,0,4,0,0,0,0,0,0,0,0,0,0,0,0,0,0,0,0.0,0.0,0.0,0.0,0.0,2020-01-03 07:00:00,0.0
56,3360,0,0,0,4,0,0,0,0,0,0,0,0,0,0,0,0,0,0,0,0.0,0.0,0.0,0.0,0.0,2020-01-03 08:00:00,0.0
57,3420,0,0,0,4,0,0,0,0,0,0,0,0,0,0,0,0,0,0,0,0.0,0.0,0.0,0.0,0.0,2020-01-03 09:00:00,0.0
58,3480,0,0,0,4,0,0,0,0,0,0,0,0,0,0,0,0,0,0,0,0.0,0.0,0.0,0.0,0.0,2020-01-03 10:00:00,0.0
59,3540,0,0,0,4,0,0,0,0,0,0,0,0,0,0,0,0,0,0,0,0.0,0.0,0.0,0.0,0.0,2020-01-03 11:00:00,0.0
60,3600,0,0,0,4,0,0,0,0,0,0,0,0,0,0,0,0,0,0,0,0.0,0.0,0.0,0.0,0.0,2020-01-03 12:00:00,0.0
61,3660,0,0,0,4,0,0,0,0,0,0,0,0,0,0,0,0,0,0,0,0.0,0.0,0.0,0.0,0.0,2020-01-03 13:00:00,0.0
62,3720,1,0,1,4,0,0,0,0,0,0,0,0,0,1,1,0,0,0,0,0.5,0.0,0.0,0.0,0.0,2020-01-03 14:00:00,0.11200000000000002
63,3780,1,0,0,4,0,1,0,0,0,0,0,0,0,1,1,0,0,0,0,0.5,0.0,0.0,0.0,0.0,2020-01-03 15:00:00,1.3926666666666667
64,3840,0,0,0,5,0,0,0,0,0,0,0,0,0,0,0,0,0,0,0,0.0,0.0,0.0,0.0,0.0,2020-01-03 16:00:00,0.0
65,3900,0,0,0,5,0,0,0,0,0,0,0,0,0,0,0,0,0,0,0,0.0,0.0,0.0,0.0,0.0,2020-01-03 17:00:00,0.0
66,3960,0,0,0,5,0,0,0,0,0,0,0,0,0,0,0,0,0,0,0,0.0,0.0,0.0,0.0,0.0,2020-01-03 18:00:00,0.0
67,4020,0,0,0,5,0,0,0,0,0,0,0,0,0,0,0,0,0,0,0,0.0,0.0,0.0,0.0,0.0,2020-01-03 19:00:00,0.0
68,4080,0,0,0,5,0,0,0,0,0,0,0,0,0,0,0,0,0,0,0,0.0,0.0,0.0,0.0,0.0,2020-01-03 20:00:00,0.0
69,4140,0,0,0,5,0,0,0,0,0,0,0,0,0,0,0,0,0,0,0,0.0,0.0,0.0,0.0,0.0,2020-01-03 21:00:00,0.0
70,4200,0,0,0,5,0,0,0,0,0,0,0,0,0,0,0,0,0,0,0,0.0,0.0,0.0,0.0,0.0,2020-01-03 22:00:00,0.0
71,4260,0,0,0,5,0,0,0,0,0,0,0,0,0,0,0,0,0,0,0,0.0,0.0,0.0,0.0,0.0,2020-01-03 23:00:00,0.0
72,4320,0,0,0,5,0,0,0,0,0,0,0,0,0,0,0,0,0,0,0,0.0,0.0,0.0,0.0,0.0,2020-01-04 00:00:00,0.0
73,4380,0,0,0,5,0,0,0,0,0,0,0,0,0,0,0,0,0,0,0,0.0,0.0,0.0,0.0,0.0,2020-01-04 01:00:00,0.0
74,4440,0,0,0,5,0,0,0,0,0,0,0,0,0,0,0,0,0,0,0,0.0,0.0,0.0,0.0,0.0,2020-01-04 02:00:00,0.0
75,4500,0,0,0,5,0,0,0,0,0,0,0,0,0,0,0,0,0,0,0,0.0,0.0,0.0,0.0,0.0,2020-01-04 03:00:00,0.0
76,4560,0,0,0,5,0,0,0,0,0,0,0,0,0,0,0,0,0,0,0,0.0,0.0,0.0,0.0,0.0,2020-01-04 04:00:00,0.0
77,4620,0,0,0,5,0,0,0,0,0,0,0,0,0,0,0,0,0,0,0,0.0,0.0,0.0,0.0,0.0,2020-01-04 05:00:00,0.0
78,4680,0,0,0,5,0,0,0,0,0,0,0,0,0,0,0,0,0,0,0,0.0,0.0,0.0,0.0,0.0,2020-01-04 06:00:00,0.0
79,4740,0,0,0,5,0,0,0,0,0,0,0,0,0,0,0,0,0,0,0,0.0,0.0,0.0,0.0,0.0,2020-01-04 07:00:00,0.0
80,4800,0,0,0,5,0,0,0,0,0,0,0,0,0,0,0,0,0,0,0,0.0,0.0,0.0,0.0,0.0,2020-01-04 08:00:00,0.0
81,4860,0,0,0,5,0,0,0,0,0,0,0,0,0,0,0,0,0,0,0,0.0,0.0,0.0,0.0,0.0,2020-01-04 09:00:00,0.0
82,4920,1,0,0,5,1,0,0,0,0,0,0,0,0,1,0,1,0,0,0,0.0,1.0,0.0,0.0,0.0,2020-01-04 10:00:00,0.8609195402298851
83,4980,0,0,0,6,0,0,0,0,0,0,0,0,0,0,0,0,0,0,0,0.0,0.0,0.0,0.0,0.0,2020-01-04 11:00:00,0.0
84,5040,0,0,0,6,0,0,0,0,0,0,0,0,0,0,0,0,0,0,0,0.0,0.0,0.0,0.0,0.0,2020-01-04 12:00:00,0.0
85,5100,0,0,0,6,0,0,0,0,0,0,0,0,0,0,0,0,0,0,0,0.0,0.0,0.0,0.0,0.0,2020-01-04 13:00:00,0.0
86,5160,0,0,0,6,0,0,0,0,0,0,0,0,0,0,0,0,0,0,0,0.0,0.0,0.0,0.0,0.0,2020-01-04 14:00:00,0.0
87,5220,0,0,0,6,0,0,0,0,0,0,0,0,0,0,0,0,0,0,0,0.0,0.0,0.0,0.0,0.0,2020-01-04 15:00:00,0.0
88,5280,0,0,0,6,0,0,0,0,0,0,0,0,0,0,0,0,0,0,0,0.0,0.0,0.0,0.0,0.0,2020-01-04 16:00:00,0.0
89,5340,0,0,0,6,0,0,0,0,0,0,0,0,0,0,0,0,0,0,0,0.0,0.0,0.0,0.0,0.0,2020-01-04 17:00:00,0.0
90,5400,0,0,0,6,0,0,0,0,0,0,0,0,0,0,0,0,0,0,0,0.0,0.0,0.0,0.0,0.0,2020-01-04 18:00:00,0.0
91,5460,0,0,0,6,0,0,0,0,0,0,0,0,0,0,0,0,0,0,0,0.0,0.0,0.0,0.0,0.0,2020-01-04 19:00:00,0.0
92,5520,0,0,0,6,0,0,0,0,0,0,0,0,0,0,0,0,0,0,0,0.0,0.0,0.0,0.0,0.0,2020-01-04 20:00:00,0.0
93,5580,0,0,0,6,0,0,0,0,0,0,0,0,0,0,0,0,0,0,0,0.0,0.0,0.0,0.0,0.0,2020-01-04 21:00:00,0.0
94,5640,0,0,0,6,0,0,0,0,0,0,0,0,0,0,0,0,0,0,0,0.0,0.0,0.0,0.0,0.0,2020-01-04 22:00:00,0.0
95,5700,0,0,0,6,0,0,0,0,0,0,0,0,0,0,0,0,0,0,0,0.0,0.0,0.0,0.0,0.0,2020-01-04 23:00:00,0.0
96,5760,0,0,0,6,0,0,0,0,0,0,0,0,0,0,0,0,0,0,0,0.0,0.0,0.0,0.0,0.0,2020-01-05 00:00:00,0.0
97,5820,0,0,0,6,0,0,0,0,0,0,0,0,0,0,0,0,0,0,0,0.0,0.0,0.0,0.0,0.0,2020-01-05 01:00:00,0.0
98,5880,0,0,0,6,0,0,0,0,0,0,0,0,0,0,0,0,0,0,0,0.0,0.0,0.0,0.0,0.0,2020-01-05 02:00:00,0.0
99,5940,0,0,0,6,0,0,0,0,0,0,0,0,0,0,0,0,0,0,0,0.0,0.0,0.0,0.0,0.0,2020-01-05 03:00:00,0.0
100,6000,1,0,0,6,0,0,0,0,1,0,0,0,0,1,0,0,0,0,1,0.0,0.0,0.0,1.0,0.0,2020-01-05 04:00:00,0.08
101,6060,0,0,0,7,0,0,0,0,0,0,0,0,0,0,0,0,0,0,0,0.0,0.0,0.0,0.0,0.0,2020-01-05 05:00:00,0.0
102,6120,0,0,0,7,0,0,0,0,0,0,0,0,0,0,0,0,0,0,0,0.0,0.0,0.0,0.0,0.0,2020-01-05 06:00:00,0.0
103,6180,0,0,0,7,0,0,0,0,0,0,0,0,0,0,0,0,0,0,0,0.0,0.0,0.0,0.0,0.0,2020-01-05 07:00:00,0.0
104,6240,0,0,0,7,0,0,0,0,0,0,0,0,0,0,0,0,0,0,0,0.0,0.0,0.0,0.0,0.0,2020-01-05 08:00:00,0.0
105,6300,0,0,0,7,0,0,0,0,0,0,0,0,0,0,0,0,0,0,0,0.0,0.0,0.0,0.0,0.0,2020-01-05 09:00:00,0.0
106,6360,0,0,0,7,0,0,0,0,0,0,0,0,0,0,0,0,0,0,0,0.0,0.0,0.0,0.0,0.0,2020-01-05 10:00:00,0.0
107,6420,0,0,0,7,0,0,0,0,0,0,0,0,0,0,0,0,0,0,0,0.0,0.0,0.0,0.0,0.0,2020-01-05 11:00:00,0.0
108,6480,0,0,0,7,0,0,0,0,0,0,0,0,0,0,0,0,0,0,0,0.0,0.0,0.0,0.0,0.0,2020-01-05 12:00:00,0.0
109,6540,0,0,0,7,0,0,0,0,0,0,0,0,0,0,0,0,0,0,0,0.0,0.0,0.0,0.0,0.0,2020-01-05 13:00:00,0.0
110,6600,1,0,0,7,1,0,0,0,0,0,0,0,0,1,0,1,0,0,0,0.0,1.0,0.0,0.0,0.0,2020-01-05 14:00:00,0.6456896551724138
111,6660,1,0,0,7,0,1,0,0,0,0,0,0,0,1,1,0,0,0,0,0.5,0.0,0.0,0.0,0.0,2020-01-05 15:00:00,0.8704166666666667
112,6720,0,0,0,8,0,0,0,0,0,0,0,0,0,0,0,0,0,0,0,0.0,0.0,0.0,0.0,0.0,2020-01-05 16:00:00,0.0
113,6780,0,0,0,8,0,0,0,0,0,0,0,0,0,0,0,0,0,0,0,0.0,0.0,0.0,0.0,0.0,2020-01-05 17:00:00,0.0
114,6840,0,0,0,8,0,0,0,0,0,0,0,0,0,0,0,0,0,0,0,0.0,0.0,0.0,0.0,0.0,2020-01-05 18:00:00,0.0
115,6900,0,0,0,8,0,0,0,0,0,0,0,0,0,0,0,0,0,0,0,0.0,0.0,0.0,0.0,0.0,2020-01-05 19:00:00,0.0
116,6960,0,0,0,8,0,0,0,0,0,0,0,0,0,0,0,0,0,0,0,0.0,0.0,0.0,0.0,0.0,2020-01-05 20:00:00,0.0
117,7020,0,0,0,8,0,0,0,0,0,0,0,0,0,0,0,0,0,0,0,0.0,0.0,0.0,0.0,0.0,2020-01-05 21:00:00,0.0
118,7080,0,0,0,8,0,0,0,0,0,0,0,0,0,0,0,0,0,0,0,0.0,0.0,0.0,0.0,0.0,2020-01-05 22:00:00,0.0
119,7140,0,0,0,8,0,0,0,0,0,0,0,0,0,0,0,0,0,0,0,0.0,0.0,0.0,0.0,0.0,2020-01-05 23:00:00,0.0
120,7200,0,0,0,8,0,0,0,0,0,0,0,0,0,0,0,0,0,0,0,0.0,0.0,0.0,0.0,0.0,2020-01-06 00:00:00,0.0
121,7260,0,0,0,8,0,0,0,0,0,0,0,0,0,0,0,0,0,0,0,0.0,0.0,0.0,0.0,0.0,2020-01-06 01:00:00,0.0
122,7320,0,0,0,8,0,0,0,0,0,0,0,0,0,0,0,0,0,0,0,0.0,0.0,0.0,0.0,0.0,2020-01-06 02:00:00,0.0
123,7380,0,0,0,8,0,0,0,0,0,0,0,0,0,0,0,0,0,0,0,0.0,0.0,0.0,0.0,0.0,2020-01-06 03:00:00,0.0
124,7440,0,0,0,8,0,0,0,0,0,0,0,0,0,0,0,0,0,0,0,0.0,0.0,0.0,0.0,0.0,2020-01-06 04:00:00,0.0
125,7500,0,0,0,8,0,0,0,0,0,0,0,0,0,0,0,0,0,0,0,0.0,0.0,0.0,0.0,0.0,2020-01-06 05:00:00,0.0
126,7560,1,0,0,8,0,1,0,0,0,0,0,0,0,1,1,0,0,0,0,0.5,0.0,0.0,0.0,0.0,2020-01-06 06:00:00,0.7737037037037038
127,7620,0,0,0,9,0,0,0,0,0,0,0,0,0,0,0,0,0,0,0,0.0,0.0,0.0,0.0,0.0,2020-01-06 07:00:00,0.0
128,7680,0,0,0,9,0,0,0,0,0,0,0,0,0,0,0,0,0,0,0,0.0,0.0,0.0,0.0,0.0,2020-01-06 08:00:00,0.0
129,7740,0,0,0,9,0,0,0,0,0,0,0,0,0,0,0,0,0,0,0,0.0,0.0,0.0,0.0,0.0,2020-01-06 09:00:00,0.0
130,7800,0,0,0,9,0,0,0,0,0,0,0,0,0,0,0,0,0,0,0,0.0,0.0,0.0,0.0,0.0,2020-01-06 10:00:00,0.0
131,7860,0,0,0,9,0,0,0,0,0,0,0,0,0,0,0,0,0,0,0,0.0,0.0,0.0,0.0,0.0,2020-01-06 11:00:00,0.0
132,7920,0,0,0,9,0,0,0,0,0,0,0,0,0,0,0,0,0,0,0,0.0,0.0,0.0,0.0,0.0,2020-01-06 12:00:00,0.0
133,7980,0,0,0,9,0,0,0,0,0,0,0,0,0,0,0,0,0,0,0,0.0,0.0,0.0,0.0,0.0,2020-01-06 13:00:00,0.0
134,8040,0,0,0,9,0,0,0,0,0,0,0,0,0,0,0,0,0,0,0,0.0,0.0,0.0,0.0,0.0,2020-01-06 14:00:00,0.0
135,8100,0,0,0,9,0,0,0,0,0,0,0,0,0,0,0,0,0,0,0,0.0,0.0,0.0,0.0,0.0,2020-01-06 15:00:00,0.0
136,8160,0,0,0,9,0,0,0,0,0,0,0,0,0,0,0,0,0,0,0,0.0,0.0,0.0,0.0,0.0,2020-01-06 16:00:00,0.0
137,8220,0,0,0,9,0,0,0,0,0,0,0,0,0,0,0,0,0,0,0,0.0,0.0,0.0,0.0,0.0,2020-01-06 17:00:00,0.0
138,8280,0,0,0,9,0,0,0,0,0,0,0,0,0,0,0,0,0,0,0,0.0,0.0,0.0,0.0,0.0,2020-01-06 18:00:00,0.0
139,8340,0,0,0,9,0,0,0,0,0,0,0,0,0,0,0,0,0,0,0,0.0,0.0,0.0,0.0,0.0,2020-01-06 19:00:00,0.0
140,8400,0,0,0,9,0,0,0,0,0,0,0,0,0,0,0,0,0,0,0,0.0,0.0,0.0,0.0,0.0,2020-01-06 20:00:00,0.0
141,8460,0,0,0,9,0,0,0,0,0,0,0,0,0,0,0,0,0,0,0,0.0,0.0,0.0,0.0,0.0,2020-01-06 21:00:00,0.0
142,8520,0,0,0,9,0,0,0,0,0,0,0,0,0,0,0,0,0,0,0,0.0,0.0,0.0,0.0,0.0,2020-01-06 22:00:00,0.0
143,8580,0,0,0,9,0,0,0,0,0,0,0,0,0,0,0,0,0,0,0,0.0,0.0,0.0,0.0,0.0,2020-01-06 23:00:00,0.0
144,8640,0,0,0,9,0,0,0,0,0,0,0,0,0,0,0,0,0,0,0,0.0,0.0,0.0,0.0,0.0,2020-01-07 00:00:00,0.0
145,8700,0,0,0,9,0,0,0,0,0,0,0,0,0,0,0,0,0,0,0,0.0,0.0,0.0,0.0,0.0,2020-01-07 01:00:00,0.0
146,8760,1,0,0,9,1,0,0,0,0,0,0,0,0,1,0,1,0,0,0,0.0,1.0,0.0,0.0,0.0,2020-01-07 02:00:00,0.516551724137931
147,8820,0,0,0,10,0,0,0,0,0,0,0,0,0,0,0,0,0,0,0,0.0,0.0,0.0,0.0,0.0,2020-01-07 03:00:00,0.0
148,8880,0,0,0,10,0,0,0,0,0,0,0,0,0,0,0,0,0,0,0,0.0,0.0,0.0,0.0,0.0,2020-01-07 04:00:00,0.0
149,8940,0,0,0,10,0,0,0,0,0,0,0,0,0,0,0,0,0,0,0,0.0,0.0,0.0,0.0,0.0,2020-01-07 05:00:00,0.0
150,9000,0,0,0,10,0,0,0,0,0,0,0,0,0,0,0,0,0,0,0,0.0,0.0,0.0,0.0,0.0,2020-01-07 06:00:00,0.0
151,9060,0,0,0,10,0,0,0,0,0,0,0,0,0,0,0,0,0,0,0,0.0,0.0,0.0,0.0,0.0,2020-01-07 07:00:00,0.0
152,9120,0,0,0,10,0,0,0,0,0,0,0,0,0,0,0,0,0,0,0,0.0,0.0,0.0,0.0,0.0,2020-01-07 08:00:00,0.0
153,9180,0,0,0,10,0,0,0,0,0,0,0,0,0,0,0,0,0,0,0,0.0,0.0,0.0,0.0,0.0,2020-01-07 09:00:00,0.0
154,9240,0,0,0,10,0,0,0,0,0,0,0,0,0,0,0,0,0,0,0,0.0,0.0,0.0,0.0,0.0,2020-01-07 10:00:00,0.0
155,9300,0,0,0,10,0,0,0,0,0,0,0,0,0,0,0,0,0,0,0,0.0,0.0,0.0,0.0,0.0,2020-01-07 11:00:00,0.0
156,9360,0,0,0,10,0,0,0,0,0,0,0,0,0,0,0,0,0,0,0,0.0,0.0,0.0,0.0,0.0,2020-01-07 12:00:00,0.0
157,9420,0,0,0,10,0,0,0,0,0,0,0,0,0,0,0,0,0,0,0,0.0,0.0,0.0,0.0,0.0,2020-01-07 13:00:00,0.0
158,9480,0,0,0,10,0,0,0,0,0,0,0,0,0,0,0,0,0,0,0,0.0,0.0,0.0,0.0,0.0,2020-01-07 14:00:00,0.0
159,9540,0,0,0,10,0,0,0,0,0,0,0,0,0,0,0,0,0,0,0,0.0,0.0,0.0,0.0,0.0,2020-01-07 15:00:00,0.0
160,9600,0,0,0,10,0,0,0,0,0,0,0,0,0,0,0,0,0,0,0,0.0,0.0,0.0,0.0,0.0,2020-01-07 16:00:00,0.0
161,9660,0,0,0,10,0,0,0,0,0,0,0,0,0,0,0,0,0,0,0,0.0,0.0,0.0,0.0,0.0,2020-01-07 17:00:00,0.0
162,9720,0,0,0,10,0,0,0,0,0,0,0,0,0,0,0,0,0,0,0,0.0,0.0,0.0,0.0,0.0,2020-01-07 18:00:00,0.0
163,9780,0,0,0,10,0,0,0,0,0,0,0,0,0,0,0,0,0,0,0,0.0,0.0,0.0,0.0,0.0,2020-01-07 19:00:00,0.0
164,9840,0,0,0,10,0,0,0,0,0,0,0,0,0,0,0,0,0,0,0,0.0,0.0,0.0,0.0,0.0,2020-01-07 20:00:00,0.0
165,9900,0,0,0,10,0,0,0,0,0,0,0,0,0,0,0,0,0,0,0,0.0,0.0,0.0,0.0,0.0,2020-01-07 21:00:00,0.0
166,9960,0,0,0,10,0,0,0,0,0,0,0,0,0,0,0,0,0,0,0,0.0,0.0,0.0,0.0,0.0,2020-01-07 22:00:00,0.0
167,10020,0,0,0,10,0,0,0,0,0,0,0,0,0,0,0,0,0,0,0,0.0,0.0,0.0,0.0,0.0,2020-01-07 23:00:00,0.0
168,10080,1,0,0,10,1,0,0,0,0,0,0,0,0,1,0,1,0,0,0,0.0,1.0,0.0,0.0,0.0,2020-01-08 00:00:00,0.46959247648902824
169,10140,1,0,0,10,0,1,0,0,0,0,0,0,0,1,1,0,0,0,0,0.5,0.0,0.0,0.0,0.0,2020-01-08 01:00:00,0.633030303030303
170,10200,0,0,0,11,0,0,0,0,0,0,0,0,0,0,0,0,0,0,0,0.0,0.0,0.0,0.0,0.0,2020-01-08 02:00:00,0.0
171,10260,0,0,0,11,0,0,0,0,0,0,0,0,0,0,0,0,0,0,0,0.0,0.0,0.0,0.0,0.0,2020-01-08 03:00:00,0.0
172,10320,0,0,0,11,0,0,0,0,0,0,0,0,0,0,0,0,0,0,0,0.0,0.0,0.0,0.0,0.0,2020-01-08 04:00:00,0.0
173,10380,0,0,0,11,0,0,0,0,0,0,0,0,0,0,0,0,0,0,0,0.0,0.0,0.0,0.0,0.0,2020-01-08 05:00:00,0.0
174,10440,0,0,0,11,0,0,0,0,0,0,0,0,0,0,0,0,0,0,0,0.0,0.0,0.0,0.0,0.0,2020-01-08 06:00:00,0.0
175,10500,0,0,0,11,0,0,0,0,0,0,0,0,0,0,0,0,0,0,0,0.0,0.0,0.0,0.0,0.0,2020-01-08 07:00:00,0.0
176,10560,0,0,0,11,0,0,0,0,0,0,0,0,0,0,0,0,0,0,0,0.0,0.0,0.0,0.0,0.0,2020-01-08 08:00:00,0.0
177,10620,0,0,0,11,0,0,0,0,0,0,0,0,0,0,0,0,0,0,0,0.0,0.0,0.0,0.0,0.0,2020-01-08 09:00:00,0.0
178,10680,1,0,1,11,0,0,0,0,0,0,0,0,0,1,1,0,0,0,0,0.5,0.0,0.0,0.0,0.0,2020-01-08 10:00:00,0.04666666666666667
179,10740,0,0,0,12,0,0,0,0,0,0,0,0,0,0,0,0,0,0,0,0.0,0.0,0.0,0.0,0.0,2020-01-08 11:00:00,0.0
180,10800,0,0,0,12,0,0,0,0,0,0,0,0,0,0,0,0,0,0,0,0.0,0.0,0.0,0.0,0.0,2020-01-08 12:00:00,0.0
181,10860,1,0,0,11,0,1,0,0,0,0,0,0,0,1,1,0,0,0,0,0.5,0.0,0.0,0.0,0.0,2020-01-08 13:00:00,1.1853333333333333
182,10920,0,0,0,12,0,0,0,0,0,0,0,0,0,0,0,0,0,0,0,0.0,0.0,0.0,0.0,0.0,2020-01-08 14:00:00,0.0
183,10980,0,0,0,12,0,0,0,0,0,0,0,0,0,0,0,0,0,0,0,0.0,0.0,0.0,0.0,0.0,2020-01-08 15:00:00,0.0
184,11040,0,0,0,12,0,0,0,0,0,0,0,0,0,0,0,0,0,0,0,0.0,0.0,0.0,0.0,0.0,2020-01-08 16:00:00,0.0
185,11100,0,0,0,12,0,0,0,0,0,0,0,0,0,0,0,0,0,0,0,0.0,0.0,0.0,0.0,0.0,2020-01-08 17:00:00,0.0
186,11160,0,0,0,12,0,0,0,0,0,0,0,0,0,0,0,0,0,0,0,0.0,0.0,0.0,0.0,0.0,2020-01-08 18:00:00,0.0
187,11220,0,0,0,12,0,0,0,0,0,0,0,0,0,0,0,0,0,0,0,0.0,0.0,0.0,0.0,0.0,2020-01-08 19:00:00,0.0
188,11280,0,0,0,12,0,0,0,0,0,0,0,0,0,0,0,0,0,0,0,0.0,0.0,0.0,0.0,0.0,2020-01-08 20:00:00,0.0
189,11340,0,0,0,12,0,0,0,0,0,0,0,0,0,0,0,0,0,0,0,0.0,0.0,0.0,0.0,0.0,2020-01-08 21:00:00,0.0
190,11400,0,0,0,12,0,0,0,0,0,0,0,0,0,0,0,0,0,0,0,0.0,0.0,0.0,0.0,0.0,2020-01-08 22:00:00,0.0
191,11460,0,0,0,12,0,0,0,0,0,0,0,0,0,0,0,0,0,0,0,0.0,0.0,0.0,0.0,0.0,2020-01-08 23:00:00,0.0
192,11520,0,0,0,12,0,0,0,0,0,0,0,0,0,0,0,0,0,0,0,0.0,0.0,0.0,0.0,0.0,2020-01-09 00:00:00,0.0
193,11580,0,0,0,12,0,0,0,0,0,0,0,0,0,0,0,0,0,0,0,0.0,0.0,0.0,0.0,0.0,2020-01-09 01:00:00,0.0
194,11640,0,0,0,12,0,0,0,0,0,0,0,0,0,0,0,0,0,0,0,0.0,0.0,0.0,0.0,0.0,2020-01-09 02:00:00,0.0
195,11700,0,0,0,12,0,0,0,0,0,0,0,0,0,0,0,0,0,0,0,0.0,0.0,0.0,0.0,0.0,2020-01-09 03:00:00,0.0
196,11760,0,0,0,13,0,0,0,0,0,0,0,0,0,0,0,0,0,0,0,0.0,0.0,0.0,0.0,0.0,2020-01-09 04:00:00,0.0
197,11820,0,0,0,13,0,0,0,0,0,0,0,0,0,0,0,0,0,0,0,0.0,0.0,0.0,0.0,0.0,2020-01-09 05:00:00,0.0
198,11880,0,0,0,13,0,0,0,0,0,0,0,0,0,0,0,0,0,0,0,0.0,0.0,0.0,0.0,0.0,2020-01-09 06:00:00,0.0
199,11940,0,0,0,13,0,0,0,0,0,0,0,0,0,0,0,0,0,0,0,0.0,0.0,0.0,0.0,0.0,2020-01-09 07:00:00,0.0
200,12000,0,0,0,13,0,0,0,0,0,0,0,0,0,0,0,0,0,0,0,0.0,0.0,0.0,0.0,0.0,2020-01-09 08:00:00,0.0
201,12060,0,0,0,13,0,0,0,0,0,0,0,0,0,0,0,0,0,0,0,0.0,0.0,0.0,0.0,0.0,2020-01-09 09:00:00,0.0
202,12120,0,0,0,13,0,0,0,0,0,0,0,0,0,0,0,0,0,0,0,0.0,0.0,0.0,0.0,0.0,2020-01-09 10:00:00,0.0
203,12180,0,0,0,13,0,0,0,0,0,0,0,0,0,0,0,0,0,0,0,0.0,0.0,0.0,0.0,0.0,2020-01-09 11:00:00,0.0
204,12240,0,0,0,13,0,0,0,0,0,0,0,0,0,0,0,0,0,0,0,0.0,0.0,0.0,0.0,0.0,2020-01-09 12:00:00,0.0
205,12300,0,0,0,13,0,0,0,0,0,0,0,0,0,0,0,0,0,0,0,0.0,0.0,0.0,0.0,0.0,2020-01-09 13:00:00,0.0
206,12360,1,0,0,13,1,0,0,0,0,0,0,0,0,1,0,1,0,0,0,0.0,1.0,0.0,0.0,0.0,2020-01-09 14:00:00,0.3689655172413793
207,12420,0,0,0,14,0,0,0,0,0,0,0,0,0,0,0,0,0,0,0,0.0,0.0,0.0,0.0,0.0,2020-01-09 15:00:00,0.0
208,12480,0,0,0,14,0,0,0,0,0,0,0,0,0,0,0,0,0,0,0,0.0,0.0,0.0,0.0,0.0,2020-01-09 16:00:00,0.0
209,12540,0,0,0,14,0,0,0,0,0,0,0,0,0,0,0,0,0,0,0,0.0,0.0,0.0,0.0,0.0,2020-01-09 17:00:00,0.0
210,12600,0,0,0,14,0,0,0,0,0,0,0,0,0,0,0,0,0,0,0,0.0,0.0,0.0,0.0,0.0,2020-01-09 18:00:00,0.0
211,12660,0,0,0,14,0,0,0,0,0,0,0,0,0,0,0,0,0,0,0,0.0,0.0,0.0,0.0,0.0,2020-01-09 19:00:00,0.0
212,12720,0,0,0,14,0,0,0,0,0,0,0,0,0,0,0,0,0,0,0,0.0,0.0,0.0,0.0,0.0,2020-01-09 20:00:00,0.0
213,12780,0,0,0,14,0,0,0,0,0,0,0,0,0,0,0,0,0,0,0,0.0,0.0,0.0,0.0,0.0,2020-01-09 21:00:00,0.0
214,12840,1,0,0,14,1,0,0,0,0,0,0,0,0,1,0,1,0,0,0,0.0,1.0,0.0,0.0,0.0,2020-01-09 22:00:00,0.34436781609195405
215,12900,0,0,0,15,0,0,0,0,0,0,0,0,0,0,0,0,0,0,0,0.0,0.0,0.0,0.0,0.0,2020-01-09 23:00:00,0.0
216,12960,0,0,0,15,0,0,0,0,0,0,0,0,0,0,0,0,0,0,0,0.0,0.0,0.0,0.0,0.0,2020-01-10 00:00:00,0.0
217,13020,0,0,0,15,0,0,0,0,0,0,0,0,0,0,0,0,0,0,0,0.0,0.0,0.0,0.0,0.0,2020-01-10 01:00:00,0.0
218,13080,0,0,0,15,0,0,0,0,0,0,0,0,0,0,0,0,0,0,0,0.0,0.0,0.0,0.0,0.0,2020-01-10 02:00:00,0.0
219,13140,0,0,0,15,0,0,0,0,0,0,0,0,0,0,0,0,0,0,0,0.0,0.0,0.0,0.0,0.0,2020-01-10 03:00:00,0.0
220,13200,0,0,0,15,0,0,0,0,0,0,0,0,0,0,0,0,0,0,0,0.0,0.0,0.0,0.0,0.0,2020-01-10 04:00:00,0.0
221,13260,0,0,0,15,0,0,0,0,0,0,0,0,0,0,0,0,0,0,0,0.0,0.0,0.0,0.0,0.0,2020-01-10 05:00:00,0.0
222,13320,0,0,0,15,0,0,0,0,0,0,0,0,0,0,0,0,0,0,0,0.0,0.0,0.0,0.0,0.0,2020-01-10 06:00:00,0.0
223,13380,0,0,0,15,0,0,0,0,0,0,0,0,0,0,0,0,0,0,0,0.0,0.0,0.0,0.0,0.0,2020-01-10 07:00:00,0.0
224,13440,0,0,0,15,0,0,0,0,0,0,0,0,0,0,0,0,0,0,0,0.0,0.0,0.0,0.0,0.0,2020-01-10 08:00:00,0.0
225,13500,0,0,0,15,0,0,0,0,0,0,0,0,0,0,0,0,0,0,0,0.0,0.0,0.0,0.0,0.0,2020-01-10 09:00:00,0.0
226,13560,0,0,0,15,0,0,0,0,0,0,0,0,0,0,0,0,0,0,0,0.0,0.0,0.0,0.0,0.0,2020-01-10 10:00:00,0.0
227,13620,0,0,0,15,0,0,0,0,0,0,0,0,0,0,0,0,0,0,0,0.0,0.0,0.0,0.0,0.0,2020-01-10 11:00:00,0.0
228,13680,0,0,0,15,0,0,0,0,0,0,0,0,0,0,0,0,0,0,0,0.0,0.0,0.0,0.0,0.0,2020-01-10 12:00:00,0.0
229,13740,0,0,0,15,0,0,0,0,0,0,0,0,0,0,0,0,0,0,0,0.0,0.0,0.0,0.0,0.0,2020-01-10 13:00:00,0.0
230,13800,0,0,0,15,0,0,0,0,0,0,0,0,0,0,0,0,0,0,0,0.0,0.0,0.0,0.0,0.0,2020-01-10 14:00:00,0.0
231,13860,0,0,0,15,0,0,0,0,0,0,0,0,0,0,0,0,0,0,0,0.0,0.0,0.0,0.0,0.0,2020-01-10 15:00:00,0.0
232,13920,0,0,0,15,0,0,0,0,0,0,0,0,0,0,0,0,0,0,0,0.0,0.0,0.0,0.0,0.0,2020-01-10 16:00:00,0.0
233,13980,0,0,0,15,0,0,0,0,0,0,0,0,0,0,0,0,0,0,0,0.0,0.0,0.0,0.0,0.0,2020-01-10 17:00:00,0.0
234,14040,0,0,0,15,0,0,0,0,0,0,0,0,0,0,0,0,0,0,0,0.0,0.0,0.0,0.0,0.0,2020-01-10 18:00:00,0.0
235,14100,1,0,1,15,0,0,0,0,0,0,0,0,0,1,1,0,0,0,0,0.5,0.0,0.0,0.0,0.0,2020-01-10 19:00:00,0.035
236,14160,1,0,0,15,0,1,0,0,0,0,0,0,0,1,1,0,0,0,0,0.5,0.0,0.0,0.0,0.0,2020-01-10 20:00:00,0.43520833333333336
237,14220,0,0,0,16,0,0,0,0,0,0,0,0,0,0,0,0,0,0,0,0.0,0.0,0.0,0.0,0.0,2020-01-10 21:00:00,0.0
238,14280,0,0,0,16,0,0,0,0,0,0,0,0,0,0,0,0,0,0,0,0.0,0.0,0.0,0.0,0.0,2020-01-10 22:00:00,0.0
239,14340,0,0,0,16,0,0,0,0,0,0,0,0,0,0,0,0,0,0,0,0.0,0.0,0.0,0.0,0.0,2020-01-10 23:00:00,0.0
240,14400,0,0,0,16,0,0,0,0,0,0,0,0,0,0,0,0,0,0,0,0.0,0.0,0.0,0.0,0.0,2020-01-11 00:00:00,0.0
241,14460,1,0,0,16,0,1,0,0,0,0,0,0,0,1,1,0,0,0,0,0.5,0.0,0.0,0.0,0.0,2020-01-11 01:00:00,0.40960784313725496
242,14520,0,0,0,17,0,0,0,0,0,0,0,0,0,0,0,0,0,0,0,0.0,0.0,0.0,0.0,0.0,2020-01-11 02:00:00,0.0
243,14580,0,0,0,17,0,0,0,0,0,0,0,0,0,0,0,0,0,0,0,0.0,0.0,0.0,0.0,0.0,2020-01-11 03:00:00,0.0
244,14640,0,0,0,17,0,0,0,0,0,0,0,0,0,0,0,0,0,0,0,0.0,0.0,0.0,0.0,0.0,2020-01-11 04:00:00,0.0
245,14700,0,0,0,17,0,0,0,0,0,0,0,0,0,0,0,0,0,0,0,0.0,0.0,0.0,0.0,0.0,2020-01-11 05:00:00,0.0
246,14760,0,0,0,17,0,0,0,0,0,0,0,0,0,0,0,0,0,0,0,0.0,0.0,0.0,0.0,0.0,2020-01-11 06:00:00,0.0
247,14820,0,0,0,17,0,0,0,0,0,0,0,0,0,0,0,0,0,0,0,0.0,0.0,0.0,0.0,0.0,2020-01-11 07:00:00,0.0
248,14880,0,0,0,17,0,0,0,0,0,0,0,0,0,0,0,0,0,0,0,0.0,0.0,0.0,0.0,0.0,2020-01-11 08:00:00,0.0
249,14940,0,0,0,17,0,0,0,0,0,0,0,0,0,0,0,0,0,0,0,0.0,0.0,0.0,0.0,0.0,2020-01-11 09:00:00,0.0
250,15000,0,0,0,17,0,0,0,0,0,0,0,0,0,0,0,0,0,0,0,0.0,0.0,0.0,0.0,0.0,2020-01-11 10:00:00,0.0
251,15060,1,0,0,16,0,1,0,0,0,0,0,0,0,1,1,0,0,0,0,0.5,0.0,0.0,0.0,0.0,2020-01-11 11:00:00,0.8367058823529412
252,15120,0,0,0,17,0,0,0,0,0,0,0,0,0,0,0,0,0,0,0,0.0,0.0,0.0,0.0,0.0,2020-01-11 12:00:00,0.0
253,15180,0,0,0,17,0,0,0,0,0,0,0,0,0,0,0,0,0,0,0,0.0,0.0,0.0,0.0,0.0,2020-01-11 13:00:00,0.0
254,15240,0,0,0,17,0,0,0,0,0,0,0,0,0,0,0,0,0,0,0,0.0,0.0,0.0,0.0,0.0,2020-01-11 14:00:00,0.0
255,15300,0,0,0,17,0,0,0,0,0,0,0,0,0,0,0,0,0,0,0,0.0,0.0,0.0,0.0,0.0,2020-01-11 15:00:00,0.0
256,15360,0,0,0,17,0,0,0,0,0,0,0,0,0,0,0,0,0,0,0,0.0,0.0,0.0,0.0,0.0,2020-01-11 16:00:00,0.0
257,15420,0,0,0,17,0,0,0,0,0,0,0,0,0,0,0,0,0,0,0,0.0,0.0,0.0,0.0,0.0,2020-01-11 17:00:00,0.0
258,15480,0,0,0,17,0,0,0,0,0,0,0,0,0,0,0,0,0,0,0,0.0,0.0,0.0,0.0,0.0,2020-01-11 18:00:00,0.0
259,15540,0,0,0,17,0,0,0,0,0,0,0,0,0,0,0,0,0,0,0,0.0,0.0,0.0,0.0,0.0,2020-01-11 19:00:00,0.0
260,15600,0,0,0,17,0,0,0,0,0,0,0,0,0,0,0,0,0,0,0,0.0,0.0,0.0,0.0,0.0,2020-01-11 20:00:00,0.0
261,15660,0,0,0,17,0,0,0,0,0,0,0,0,0,0,0,0,0,0,0,0.0,0.0,0.0,0.0,0.0,2020-01-11 21:00:00,0.0
262,15720,0,0,0,17,0,0,0,0,0,0,0,0,0,0,0,0,0,0,0,0.0,0.0,0.0,0.0,0.0,2020-01-11 22:00:00,0.0
263,15780,0,0,0,17,0,0,0,0,0,0,0,0,0,0,0,0,0,0,0,0.0,0.0,0.0,0.0,0.0,2020-01-11 23:00:00,0.0
264,15840,0,0,0,17,0,0,0,0,0,0,0,0,0,0,0,0,0,0,0,0.0,0.0,0.0,0.0,0.0,2020-01-12 00:00:00,0.0
265,15900,1,0,0,17,1,0,0,0,0,0,0,0,0,1,0,1,0,0,0,0.0,1.0,0.0,0.0,0.0,2020-01-12 01:00:00,0.28697318007662836
266,15960,0,0,0,18,0,0,0,0,0,0,0,0,0,0,0,0,0,0,0,0.0,0.0,0.0,0.0,0.0,2020-01-12 02:00:00,0.0
267,16020,0,0,0,18,0,0,0,0,0,0,0,0,0,0,0,0,0,0,0,0.0,0.0,0.0,0.0,0.0,2020-01-12 03:00:00,0.0
268,16080,0,0,0,18,0,0,0,0,0,0,0,0,0,0,0,0,0,0,0,0.0,0.0,0.0,0.0,0.0,2020-01-12 04:00:00,0.0
269,16140,0,0,0,18,0,0,0,0,0,0,0,0,0,0,0,0,0,0,0,0.0,0.0,0.0,0.0,0.0,2020-01-12 05:00:00,0.0
270,16200,0,0,0,18,0,0,0,0,0,0,0,0,0,0,0,0,0,0,0,0.0,0.0,0.0,0.0,0.0,2020-01-12 06:00:00,0.0
271,16260,0,0,0,18,0,0,0,0,0,0,0,0,0,0,0,0,0,0,0,0.0,0.0,0.0,0.0,0.0,2020-01-12 07:00:00,0.0
272,16320,0,0,0,18,0,0,0,0,0,0,0,0,0,0,0,0,0,0,0,0.0,0.0,0.0,0.0,0.0,2020-01-12 08:00:00,0.0
273,16380,0,0,0,18,0,0,0,0,0,0,0,0,0,0,0,0,0,0,0,0.0,0.0,0.0,0.0,0.0,2020-01-12 09:00:00,0.0
274,16440,0,0,0,18,0,0,0,0,0,0,0,0,0,0,0,0,0,0,0,0.0,0.0,0.0,0.0,0.0,2020-01-12 10:00:00,0.0
275,16500,0,0,0,18,0,0,0,0,0,0,0,0,0,0,0,0,0,0,0,0.0,0.0,0.0,0.0,0.0,2020-01-12 11:00:00,0.0
276,16560,0,0,0,18,0,0,0,0,0,0,0,0,0,0,0,0,0,0,0,0.0,0.0,0.0,0.0,0.0,2020-01-12 12:00:00,0.0
277,16620,0,0,0,18,0,0,0,0,0,0,0,0,0,0,0,0,0,0,0,0.0,0.0,0.0,0.0,0.0,2020-01-12 13:00:00,0.0
278,16680,0,0,0,18,0,0,0,0,0,0,0,0,0,0,0,0,0,0,0,0.0,0.0,0.0,0.0,0.0,2020-01-12 14:00:00,0.0
279,16740,0,0,0,18,0,0,0,0,0,0,0,0,0,0,0,0,0,0,0,0.0,0.0,0.0,0.0,0.0,2020-01-12 15:00:00,0.0
280,16800,0,0,0,18,0,0,0,0,0,0,0,0,0,0,0,0,0,0,0,0.0,0.0,0.0,0.0,0.0,2020-01-12 16:00:00,0.0
281,16860,0,0,0,18,0,0,0,0,0,0,0,0,0,0,0,0,0,0,0,0.0,0.0,0.0,0.0,0.0,2020-01-12 17:00:00,0.0
282,16920,0,0,0,18,0,0,0,0,0,0,0,0,0,0,0,0,0,0,0,0.0,0.0,0.0,0.0,0.0,2020-01-12 18:00:00,0.0
283,16980,0,0,0,18,0,0,0,0,0,0,0,0,0,0,0,0,0,0,0,0.0,0.0,0.0,0.0,0.0,2020-01-12 19:00:00,0.0
284,17040,0,0,0,18,0,0,0,0,0,0,0,0,0,0,0,0,0,0,0,0.0,0.0,0.0,0.0,0.0,2020-01-12 20:00:00,0.0
285,17100,0,0,0,18,0,0,0,0,0,0,0,0,0,0,0,0,0,0,0,0.0,0.0,0.0,0.0,0.0,2020-01-12 21:00:00,0.0
286,17160,0,0,0,18,0,0,0,0,0,0,0,0,0,0,0,0,0,0,0,0.0,0.0,0.0,0.0,0.0,2020-01-12 22:00:00,0.0
287,17220,0,0,0,18,0,0,0,0,0,0,0,0,0,0,0,0,0,0,0,0.0,0.0,0.0,0.0,0.0,2020-01-12 23:00:00,0.0
288,17280,0,0,0,18,0,0,0,0,0,0,0,0,0,0,0,0,0,0,0,0.0,0.0,0.0,0.0,0.0,2020-01-13 00:00:00,0.0
289,17340,1,0,0,18,1,0,0,0,0,0,0,0,0,1,0,1,0,0,0,0.0,1.0,0.0,0.0,0.0,2020-01-13 01:00:00,0.2718693284936479
290,17400,1,0,0,18,0,1,0,0,0,0,0,0,0,1,1,0,0,0,0,0.5,0.0,0.0,0.0,0.0,2020-01-13 02:00:00,0.3664912280701755
291,17460,0,0,0,19,0,0,0,0,0,0,0,0,0,0,0,0,0,0,0,0.0,0.0,0.0,0.0,0.0,2020-01-13 03:00:00,0.0
292,17520,0,0,0,19,0,0,0,0,0,0,0,0,0,0,0,0,0,0,0,0.0,0.0,0.0,0.0,0.0,2020-01-13 04:00:00,0.0
293,17580,0,0,0,19,0,0,0,0,0,0,0,0,0,0,0,0,0,0,0,0.0,0.0,0.0,0.0,0.0,2020-01-13 05:00:00,0.0
294,17640,0,0,0,19,0,0,0,0,0,0,0,0,0,0,0,0,0,0,0,0.0,0.0,0.0,0.0,0.0,2020-01-13 06:00:00,0.0
295,17700,0,0,0,19,0,0,0,0,0,0,0,0,0,0,0,0,0,0,0,0.0,0.0,0.0,0.0,0.0,2020-01-13 07:00:00,0.0
296,17760,0,0,0,19,0,0,0,0,0,0,0,0,0,0,0,0,0,0,0,0.0,0.0,0.0,0.0,0.0,2020-01-13 08:00:00,0.0
297,17820,0,0,0,19,0,0,0,0,0,0,0,0,0,0,0,0,0,0,0,0.0,0.0,0.0,0.0,0.0,2020-01-13 09:00:00,0.0
298,17880,0,0,0,19,0,0,0,0,0,0,0,0,0,0,0,0,0,0,0,0.0,0.0,0.0,0.0,0.0,2020-01-13 10:00:00,0.0
299,17940,0,0,0,19,0,0,0,0,0,0,0,0,0,0,0,0,0,0,0,0.0,0.0,0.0,0.0,0.0,2020-01-13 11:00:00,0.0
300,18000,0,0,0,19,0,0,0,0,0,0,0,0,0,0,0,0,0,0,0,0.0,0.0,0.0,0.0,0.0,2020-01-13 12:00:00,0.0
301,18060,0,0,0,19,0,0,0,0,0,0,0,0,0,0,0,0,0,0,0,0.0,0.0,0.0,0.0,0.0,2020-01-13 13:00:00,0.0
302,18120,0,0,0,19,0,0,0,0,0,0,0,0,0,0,0,0,0,0,0,0.0,0.0,0.0,0.0,0.0,2020-01-13 14:00:00,0.0
303,18180,0,0,0,19,0,0,0,0,0,0,0,0,0,0,0,0,0,0,0,0.0,0.0,0.0,0.0,0.0,2020-01-13 15:00:00,0.0
304,18240,0,0,0,19,0,0,0,0,0,0,0,0,0,0,0,0,0,0,0,0.0,0.0,0.0,0.0,0.0,2020-01-13 16:00:00,0.0
305,18300,1,0,0,19,0,0,0,0,1,0,0,0,0,1,0,0,0,0,1,0.0,0.0,0.0,1.0,0.0,2020-01-13 17:00:00,0.028000000000000004
306,18360,0,0,0,20,0,0,0,0,0,0,0,0,0,0,0,0,0,0,0,0.0,0.0,0.0,0.0,0.0,2020-01-13 18:00:00,0.0
307,18420,0,0,0,20,0,0,0,0,0,0,0,0,0,0,0,0,0,0,0,0.0,0.0,0.0,0.0,0.0,2020-01-13 19:00:00,0.0
308,18480,0,0,0,20,0,0,0,0,0,0,0,0,0,0,0,0,0,0,0,0.0,0.0,0.0,0.0,0.0,2020-01-13 20:00:00,0.0
309,18540,0,0,0,20,0,0,0,0,0,0,0,0,0,0,0,0,0,0,0,0.0,0.0,0.0,0.0,0.0,2020-01-13 21:00:00,0.0
310,18600,0,0,0,20,0,0,0,0,0,0,0,0,0,0,0,0,0,0,0,0.0,0.0,0.0,0.0,0.0,2020-01-13 22:00:00,0.0
311,18660,0,0,0,20,0,0,0,0,0,0,0,0,0,0,0,0,0,0,0,0.0,0.0,0.0,0.0,0.0,2020-01-13 23:00:00,0.0
312,18720,0,0,0,20,0,0,0,0,0,0,0,0,0,0,0,0,0,0,0,0.0,0.0,0.0,0.0,0.0,2020-01-14 00:00:00,0.0
313,18780,0,0,0,20,0,0,0,0,0,0,0,0,0,0,0,0,0,0,0,0.0,0.0,0.0,0.0,0.0,2020-01-14 01:00:00,0.0
314,18840,0,0,0,20,0,0,0,0,0,0,0,0,0,0,0,0,0,0,0,0.0,0.0,0.0,0.0,0.0,2020-01-14 02:00:00,0.0
315,18900,0,0,0,20,0,0,0,0,0,0,0,0,0,0,0,0,0,0,0,0.0,0.0,0.0,0.0,0.0,2020-01-14 03:00:00,0.0
316,18960,0,0,0,20,0,0,0,0,0,0,0,0,0,0,0,0,0,0,0,0.0,0.0,0.0,0.0,0.0,2020-01-14 04:00:00,0.0
317,19020,0,0,0,20,0,0,0,0,0,0,0,0,0,0,0,0,0,0,0,0.0,0.0,0.0,0.0,0.0,2020-01-14 05:00:00,0.0
318,19080,0,0,0,20,0,0,0,0,0,0,0,0,0,0,0,0,0,0,0,0.0,0.0,0.0,0.0,0.0,2020-01-14 06:00:00,0.0
319,19140,1,0,0,20,1,0,0,0,0,0,0,0,0,1,0,1,0,0,0,0.0,1.0,0.0,0.0,0.0,2020-01-14 07:00:00,0.24597701149425288
320,19200,1,0,0,20,0,1,0,0,0,0,0,0,0,1,1,0,0,0,0,0.5,0.0,0.0,0.0,0.0,2020-01-14 08:00:00,0.3315873015873016
321,19260,0,0,0,21,0,0,0,0,0,0,0,0,0,0,0,0,0,0,0,0.0,0.0,0.0,0.0,0.0,2020-01-14 09:00:00,0.0
322,19320,0,0,0,21,0,0,0,0,0,0,0,0,0,0,0,0,0,0,0,0.0,0.0,0.0,0.0,0.0,2020-01-14 10:00:00,0.0
323,19380,0,0,0,21,0,0,0,0,0,0,0,0,0,0,0,0,0,0,0,0.0,0.0,0.0,0.0,0.0,2020-01-14 11:00:00,0.0
324,19440,0,0,0,21,0,0,0,0,0,0,0,0,0,0,0,0,0,0,0,0.0,0.0,0.0,0.0,0.0,2020-01-14 12:00:00,0.0
325,19500,0,0,0,21,0,0,0,0,0,0,0,0,0,0,0,0,0,0,0,0.0,0.0,0.0,0.0,0.0,2020-01-14 13:00:00,0.0
326,19560,0,0,0,21,0,0,0,0,0,0,0,0,0,0,0,0,0,0,0,0.0,0.0,0.0,0.0,0.0,2020-01-14 14:00:00,0.0
327,19620,0,0,0,21,0,0,0,0,0,0,0,0,0,0,0,0,0,0,0,0.0,0.0,0.0,0.0,0.0,2020-01-14 15:00:00,0.0
328,19680,0,0,0,21,0,0,0,0,0,0,0,0,0,0,0,0,0,0,0,0.0,0.0,0.0,0.0,0.0,2020-01-14 16:00:00,0.0
329,19740,0,0,0,21,0,0,0,0,0,0,0,0,0,0,0,0,0,0,0,0.0,0.0,0.0,0.0,0.0,2020-01-14 17:00:00,0.0
330,19800,0,0,0,21,0,0,0,0,0,0,0,0,0,0,0,0,0,0,0,0.0,0.0,0.0,0.0,0.0,2020-01-14 18:00:00,0.0
331,19860,0,0,0,21,0,0,0,0,0,0,0,0,0,0,0,0,0,0,0,0.0,0.0,0.0,0.0,0.0,2020-01-14 19:00:00,0.0
332,19920,0,0,0,21,0,0,0,0,0,0,0,0,0,0,0,0,0,0,0,0.0,0.0,0.0,0.0,0.0,2020-01-14 20:00:00,0.0
333,19980,0,0,0,21,0,0,0,0,0,0,0,0,0,0,0,0,0,0,0,0.0,0.0,0.0,0.0,0.0,2020-01-14 21:00:00,0.0
334,20040,0,0,0,21,0,0,0,0,0,0,0,0,0,0,0,0,0,0,0,0.0,0.0,0.0,0.0,0.0,2020-01-14 22:00:00,0.0
335,20100,0,0,0,21,0,0,0,0,0,0,0,0,0,0,0,0,0,0,0,0.0,0.0,0.0,0.0,0.0,2020-01-14 23:00:00,0.0
336,20160,0,0,0,21,0,0,0,0,0,0,0,0,0,0,0,0,0,0,0,0.0,0.0,0.0,0.0,0.0,2020-01-15 00:00:00,0.0
337,20220,0,0,0,21,0,0,0,0,0,0,0,0,0,0,0,0,0,0,0,0.0,0.0,0.0,0.0,0.0,2020-01-15 01:00:00,0.0
338,20280,0,0,0,21,0,0,0,0,0,0,0,0,0,0,0,0,0,0,0,0.0,0.0,0.0,0.0,0.0,2020-01-15 02:00:00,0.0
339,20340,0,0,0,21,0,0,0,0,0,0,0,0,0,0,0,0,0,0,0,0.0,0.0,0.0,0.0,0.0,2020-01-15 03:00:00,0.0
340,20400,0,0,0,21,0,0,0,0,0,0,0,0,0,0,0,0,0,0,0,0.0,0.0,0.0,0.0,0.0,2020-01-15 04:00:00,0.0
341,20460,0,0,0,21,0,0,0,0,0,0,0,0,0,0,0,0,0,0,0,0.0,0.0,0.0,0.0,0.0,2020-01-15 05:00:00,0.0
342,20520,2,0,1,20,1,0,0,0,0,0,0,0,0,2,1,1,0,0,0,0.5,1.0,0.0,0.0,0.0,2020-01-15 06:00:00,0.45260869565217393
343,20580,1,0,0,21,0,1,0,0,0,0,0,0,0,1,1,0,0,0,0,0.5,0.0,0.0,0.0,0.0,2020-01-15 07:00:00,0.3165151515151515
344,20640,0,0,0,22,0,0,0,0,0,0,0,0,0,0,0,0,0,0,0,0.0,0.0,0.0,0.0,0.0,2020-01-15 08:00:00,0.0
345,20700,0,0,0,22,0,0,0,0,0,0,0,0,0,0,0,0,0,0,0,0.0,0.0,0.0,0.0,0.0,2020-01-15 09:00:00,0.0
346,20760,0,0,0,22,0,0,0,0,0,0,0,0,0,0,0,0,0,0,0,0.0,0.0,0.0,0.0,0.0,2020-01-15 10:00:00,0.0
347,20820,0,0,0,22,0,0,0,0,0,0,0,0,0,0,0,0,0,0,0,0.0,0.0,0.0,0.0,0.0,2020-01-15 11:00:00,0.0
348,20880,0,0,0,22,0,0,0,0,0,0,0,0,0,0,0,0,0,0,0,0.0,0.0,0.0,0.0,0.0,2020-01-15 12:00:00,0.0
349,20940,1,0,0,22,0,1,0,0,0,0,0,0,0,1,1,0,0,0,0,0.5,0.0,0.0,0.0,0.0,2020-01-15 13:00:00,0.3027536231884058
350,21000,1,0,0,22,0,0,0,0,1,0,0,0,0,1,0,0,0,0,1,0.0,0.0,0.0,1.0,0.0,2020-01-15 14:00:00,0.024347826086956525
351,21060,0,0,0,23,0,0,0,0,0,0,0,0,0,0,0,0,0,0,0,0.0,0.0,0.0,0.0,0.0,2020-01-15 15:00:00,0.0
352,21120,1,0,0,22,1,0,0,0,0,0,0,0,0,1,0,1,0,0,0,0.0,1.0,0.0,0.0,0.0,2020-01-15 16:00:00,0.40858223062381854
353,21180,0,0,0,23,0,0,0,0,0,0,0,0,0,0,0,0,0,0,0,0.0,0.0,0.0,0.0,0.0,2020-01-15 17:00:00,0.0
354,21240,0,0,0,23,0,0,0,0,0,0,0,0,0,0,0,0,0,0,0,0.0,0.0,0.0,0.0,0.0,2020-01-15 18:00:00,0.0
355,21300,0,0,0,23,0,0,0,0,0,0,0,0,0,0,0,0,0,0,0,0.0,0.0,0.0,0.0,0.0,2020-01-15 19:00:00,0.0
356,21360,0,0,0,23,0,0,0,0,0,0,0,0,0,0,0,0,0,0,0,0.0,0.0,0.0,0.0,0.0,2020-01-15 20:00:00,0.0
357,21420,0,0,0,23,0,0,0,0,0,0,0,0,0,0,0,0,0,0,0,0.0,0.0,0.0,0.0,0.0,2020-01-15 21:00:00,0.0
358,21480,0,0,0,23,0,0,0,0,0,0,0,0,0,0,0,0,0,0,0,0.0,0.0,0.0,0.0,0.0,2020-01-15 22:00:00,0.0
359,21540,0,0,0,23,0,0,0,0,0,0,0,0,0,0,0,0,0,0,0,0.0,0.0,0.0,0.0,0.0,2020-01-15 23:00:00,0.0
360,21600,0,0,0,23,0,0,0,0,0,0,0,0,0,0,0,0,0,0,0,0.0,0.0,0.0,0.0,0.0,2020-01-16 00:00:00,0.0
361,21660,0,0,0,23,0,0,0,0,0,0,0,0,0,0,0,0,0,0,0,0.0,0.0,0.0,0.0,0.0,2020-01-16 01:00:00,0.0
362,21720,0,0,0,23,0,0,0,0,0,0,0,0,0,0,0,0,0,0,0,0.0,0.0,0.0,0.0,0.0,2020-01-16 02:00:00,0.0
363,21780,0,0,0,23,0,0,0,0,0,0,0,0,0,0,0,0,0,0,0,0.0,0.0,0.0,0.0,0.0,2020-01-16 03:00:00,0.0
364,21840,1,0,0,22,0,1,0,0,0,0,0,0,0,1,1,0,0,0,0,0.5,0.0,0.0,0.0,0.0,2020-01-16 04:00:00,0.6184347826086957
365,21900,0,0,0,23,0,0,0,0,0,0,0,0,0,0,0,0,0,0,0,0.0,0.0,0.0,0.0,0.0,2020-01-16 05:00:00,0.0
366,21960,0,0,0,23,0,0,0,0,0,0,0,0,0,0,0,0,0,0,0,0.0,0.0,0.0,0.0,0.0,2020-01-16 06:00:00,0.0
367,22020,0,0,0,23,0,0,0,0,0,0,0,0,0,0,0,0,0,0,0,0.0,0.0,0.0,0.0,0.0,2020-01-16 07:00:00,0.0
368,22080,0,0,0,23,0,0,0,0,0,0,0,0,0,0,0,0,0,0,0,0.0,0.0,0.0,0.0,0.0,2020-01-16 08:00:00,0.0
369,22140,0,0,0,23,0,0,0,0,0,0,0,0,0,0,0,0,0,0,0,0.0,0.0,0.0,0.0,0.0,2020-01-16 09:00:00,0.0
370,22200,1,0,0,23,1,0,0,0,0,0,0,0,0,1,0,1,0,0,0,0.0,1.0,0.0,0.0,0.0,2020-01-16 10:00:00,0.2152298850574713
371,22260,0,0,0,24,0,0,0,0,0,0,0,0,0,0,0,0,0,0,0,0.0,0.0,0.0,0.0,0.0,2020-01-16 11:00:00,0.0
372,22320,0,0,0,24,0,0,0,0,0,0,0,0,0,0,0,0,0,0,0,0.0,0.0,0.0,0.0,0.0,2020-01-16 12:00:00,0.0
373,22380,0,0,0,24,0,0,0,0,0,0,0,0,0,0,0,0,0,0,0,0.0,0.0,0.0,0.0,0.0,2020-01-16 13:00:00,0.0
374,22440,0,0,0,24,0,0,0,0,0,0,0,0,0,0,0,0,0,0,0,0.0,0.0,0.0,0.0,0.0,2020-01-16 14:00:00,0.0
375,22500,2,0,0,22,0,2,0,0,0,0,0,0,0,2,2,0,0,0,0,1.0,0.0,0.0,0.0,0.0,2020-01-16 15:00:00,0.8448888888888888
376,22560,0,0,0,24,0,0,0,0,0,0,0,0,0,0,0,0,0,0,0,0.0,0.0,0.0,0.0,0.0,2020-01-16 16:00:00,0.0
377,22620,0,0,0,24,0,0,0,0,0,0,0,0,0,0,0,0,0,0,0,0.0,0.0,0.0,0.0,0.0,2020-01-16 17:00:00,0.0
378,22680,0,0,0,24,0,0,0,0,0,0,0,0,0,0,0,0,0,0,0,0.0,0.0,0.0,0.0,0.0,2020-01-16 18:00:00,0.0
379,22740,0,0,0,24,0,0,0,0,0,0,0,0,0,0,0,0,0,0,0,0.0,0.0,0.0,0.0,0.0,2020-01-16 19:00:00,0.0
380,22800,0,0,0,24,0,0,0,0,0,0,0,0,0,0,0,0,0,0,0,0.0,0.0,0.0,0.0,0.0,2020-01-16 20:00:00,0.0
381,22860,0,0,0,24,0,0,0,0,0,0,0,0,0,0,0,0,0,0,0,0.0,0.0,0.0,0.0,0.0,2020-01-16 21:00:00,0.0
382,22920,0,0,0,24,0,0,0,0,0,0,0,0,0,0,0,0,0,0,0,0.0,0.0,0.0,0.0,0.0,2020-01-16 22:00:00,0.0
383,22980,0,0,0,24,0,0,0,0,0,0,0,0,0,0,0,0,0,0,0,0.0,0.0,0.0,0.0,0.0,2020-01-16 23:00:00,0.0
384,23040,0,0,0,24,0,0,0,0,0,0,0,0,0,0,0,0,0,0,0,0.0,0.0,0.0,0.0,0.0,2020-01-17 00:00:00,0.0
385,23100,0,0,0,24,0,0,0,0,0,0,0,0,0,0,0,0,0,0,0,0.0,0.0,0.0,0.0,0.0,2020-01-17 01:00:00,0.0
386,23160,0,0,0,24,0,0,0,0,0,0,0,0,0,0,0,0,0,0,0,0.0,0.0,0.0,0.0,0.0,2020-01-17 02:00:00,0.0
387,23220,0,0,0,24,0,0,0,0,0,0,0,0,0,0,0,0,0,0,0,0.0,0.0,0.0,0.0,0.0,2020-01-17 03:00:00,0.0
388,23280,0,0,0,24,0,0,0,0,0,0,0,0,0,0,0,0,0,0,0,0.0,0.0,0.0,0.0,0.0,2020-01-17 04:00:00,0.0
389,23340,0,0,0,24,0,0,0,0,0,0,0,0,0,0,0,0,0,0,0,0.0,0.0,0.0,0.0,0.0,2020-01-17 05:00:00,0.0
390,23400,0,0,0,24,0,0,0,0,0,0,0,0,0,0,0,0,0,0,0,0.0,0.0,0.0,0.0,0.0,2020-01-17 06:00:00,0.0
391,23460,1,0,1,24,0,0,0,0,0,0,0,0,0,1,1,0,0,0,0,0.5,0.0,0.0,0.0,0.0,2020-01-17 07:00:00,0.022400000000000003
392,23520,0,0,0,25,0,0,0,0,0,0,0,0,0,0,0,0,0,0,0,0.0,0.0,0.0,0.0,0.0,2020-01-17 08:00:00,0.0
393,23580,0,0,0,25,0,0,0,0,0,0,0,0,0,0,0,0,0,0,0,0.0,0.0,0.0,0.0,0.0,2020-01-17 09:00:00,0.0
394,23640,0,0,0,25,0,0,0,0,0,0,0,0,0,0,0,0,0,0,0,0.0,0.0,0.0,0.0,0.0,2020-01-17 10:00:00,0.0
395,23700,1,0,0,25,1,0,0,0,0,0,0,0,0,1,0,1,0,0,0,0.0,1.0,0.0,0.0,0.0,2020-01-17 11:00:00,0.1986737400530504
396,23760,0,0,0,26,0,0,0,0,0,0,0,0,0,0,0,0,0,0,0,0.0,0.0,0.0,0.0,0.0,2020-01-17 12:00:00,0.0
397,23820,0,0,0,26,0,0,0,0,0,0,0,0,0,0,0,0,0,0,0,0.0,0.0,0.0,0.0,0.0,2020-01-17 13:00:00,0.0
398,23880,0,0,0,26,0,0,0,0,0,0,0,0,0,0,0,0,0,0,0,0.0,0.0,0.0,0.0,0.0,2020-01-17 14:00:00,0.0
399,23940,0,0,0,26,0,0,0,0,0,0,0,0,0,0,0,0,0,0,0,0.0,0.0,0.0,0.0,0.0,2020-01-17 15:00:00,0.0
400,24000,1,0,0,25,0,1,0,0,0,0,0,0,0,1,1,0,0,0,0,0.5,0.0,0.0,0.0,0.0,2020-01-17 16:00:00,0.2328205128205128
401,24060,0,0,0,26,0,0,0,0,0,0,0,0,0,0,0,0,0,0,0,0.0,0.0,0.0,0.0,0.0,2020-01-17 17:00:00,0.0
402,24120,0,0,0,26,0,0,0,0,0,0,0,0,0,0,0,0,0,0,0,0.0,0.0,0.0,0.0,0.0,2020-01-17 18:00:00,0.0
403,24180,0,0,0,26,0,0,0,0,0,0,0,0,0,0,0,0,0,0,0,0.0,0.0,0.0,0.0,0.0,2020-01-17 19:00:00,0.0
404,24240,1,0,0,26,1,0,0,0,0,0,0,0,0,1,0,1,0,0,0,0.0,1.0,0.0,0.0,0.0,2020-01-17 20:00:00,0.1913154533844189
405,24300,0,0,0,27,0,0,0,0,0,0,0,0,0,0,0,0,0,0,0,0.0,0.0,0.0,0.0,0.0,2020-01-17 21:00:00,0.0
406,24360,0,0,0,27,0,0,0,0,0,0,0,0,0,0,0,0,0,0,0,0.0,0.0,0.0,0.0,0.0,2020-01-17 22:00:00,0.0
407,24420,0,0,0,27,0,0,0,0,0,0,0,0,0,0,0,0,0,0,0,0.0,0.0,0.0,0.0,0.0,2020-01-17 23:00:00,0.0
408,24480,0,0,0,27,0,0,0,0,0,0,0,0,0,0,0,0,0,0,0,0.0,0.0,0.0,0.0,0.0,2020-01-18 00:00:00,0.0
409,24540,0,0,0,27,0,0,0,0,0,0,0,0,0,0,0,0,0,0,0,0.0,0.0,0.0,0.0,0.0,2020-01-18 01:00:00,0.0
410,24600,0,0,0,27,0,0,0,0,0,0,0,0,0,0,0,0,0,0,0,0.0,0.0,0.0,0.0,0.0,2020-01-18 02:00:00,0.0
411,24660,0,0,0,27,0,0,0,0,0,0,0,0,0,0,0,0,0,0,0,0.0,0.0,0.0,0.0,0.0,2020-01-18 03:00:00,0.0
412,24720,0,0,0,27,0,0,0,0,0,0,0,0,0,0,0,0,0,0,0,0.0,0.0,0.0,0.0,0.0,2020-01-18 04:00:00,0.0
413,24780,0,0,0,27,0,0,0,0,0,0,0,0,0,0,0,0,0,0,0,0.0,0.0,0.0,0.0,0.0,2020-01-18 05:00:00,0.0
414,24840,0,0,0,27,0,0,0,0,0,0,0,0,0,0,0,0,0,0,0,0.0,0.0,0.0,0.0,0.0,2020-01-18 06:00:00,0.0
415,24900,0,0,0,27,0,0,0,0,0,0,0,0,0,0,0,0,0,0,0,0.0,0.0,0.0,0.0,0.0,2020-01-18 07:00:00,0.0
416,24960,0,0,0,27,0,0,0,0,0,0,0,0,0,0,0,0,0,0,0,0.0,0.0,0.0,0.0,0.0,2020-01-18 08:00:00,0.0
417,25020,0,0,0,27,0,0,0,0,0,0,0,0,0,0,0,0,0,0,0,0.0,0.0,0.0,0.0,0.0,2020-01-18 09:00:00,0.0
418,25080,0,0,0,27,0,0,0,0,0,0,0,0,0,0,0,0,0,0,0,0.0,0.0,0.0,0.0,0.0,2020-01-18 10:00:00,0.0
419,25140,0,0,0,27,0,0,0,0,0,0,0,0,0,0,0,0,0,0,0,0.0,0.0,0.0,0.0,0.0,2020-01-18 11:00:00,0.0
420,25200,1,0,1,26,0,0,0,0,0,0,0,0,0,1,1,0,0,0,0,0.5,0.0,0.0,0.0,0.0,2020-01-18 12:00:00,0.020740740740740744
421,25260,0,0,0,27,0,0,0,0,0,0,0,0,0,0,0,0,0,0,0,0.0,0.0,0.0,0.0,0.0,2020-01-18 13:00:00,0.0
422,25320,0,0,0,27,0,0,0,0,0,0,0,0,0,0,0,0,0,0,0,0.0,0.0,0.0,0.0,0.0,2020-01-18 14:00:00,0.0
423,25380,0,0,0,27,0,0,0,0,0,0,0,0,0,0,0,0,0,0,0,0.0,0.0,0.0,0.0,0.0,2020-01-18 15:00:00,0.0
424,25440,1,0,0,27,1,0,0,0,0,0,0,0,0,1,0,1,0,0,0,0.0,1.0,0.0,0.0,0.0,2020-01-18 16:00:00,0.18448275862068966
425,25500,1,0,0,27,0,1,0,0,0,0,0,0,0,1,1,0,0,0,0,0.5,0.0,0.0,0.0,0.0,2020-01-18 17:00:00,0.2486904761904762
426,25560,0,0,0,28,0,0,0,0,0,0,0,0,0,0,0,0,0,0,0,0.0,0.0,0.0,0.0,0.0,2020-01-18 18:00:00,0.0
427,25620,0,0,0,28,0,0,0,0,0,0,0,0,0,0,0,0,0,0,0,0.0,0.0,0.0,0.0,0.0,2020-01-18 19:00:00,0.0
428,25680,0,0,0,28,0,0,0,0,0,0,0,0,0,0,0,0,0,0,0,0.0,0.0,0.0,0.0,0.0,2020-01-18 20:00:00,0.0
429,25740,0,0,0,28,0,0,0,0,0,0,0,0,0,0,0,0,0,0,0,0.0,0.0,0.0,0.0,0.0,2020-01-18 21:00:00,0.0
430,25800,0,0,0,28,0,0,0,0,0,0,0,0,0,0,0,0,0,0,0,0.0,0.0,0.0,0.0,0.0,2020-01-18 22:00:00,0.0
431,25860,0,0,0,28,0,0,0,0,0,0,0,0,0,0,0,0,0,0,0,0.0,0.0,0.0,0.0,0.0,2020-01-18 23:00:00,0.0
432,25920,0,0,0,28,0,0,0,0,0,0,0,0,0,0,0,0,0,0,0,0.0,0.0,0.0,0.0,0.0,2020-01-19 00:00:00,0.0
433,25980,0,0,0,28,0,0,0,0,0,0,0,0,0,0,0,0,0,0,0,0.0,0.0,0.0,0.0,0.0,2020-01-19 01:00:00,0.0
434,26040,0,0,0,28,0,0,0,0,0,0,0,0,0,0,0,0,0,0,0,0.0,0.0,0.0,0.0,0.0,2020-01-19 02:00:00,0.0
435,26100,0,0,0,29,0,0,0,0,0,0,0,0,0,0,0,0,0,0,0,0.0,0.0,0.0,0.0,0.0,2020-01-19 03:00:00,0.0
436,26160,0,0,0,29,0,0,0,0,0,0,0,0,0,0,0,0,0,0,0,0.0,0.0,0.0,0.0,0.0,2020-01-19 04:00:00,0.0
437,26220,1,0,1,28,0,0,0,0,0,0,0,0,0,1,1,0,0,0,0,0.5,0.0,0.0,0.0,0.0,2020-01-19 05:00:00,0.019310344827586208
438,26280,0,0,0,29,0,0,0,0,0,0,0,0,0,0,0,0,0,0,0,0.0,0.0,0.0,0.0,0.0,2020-01-19 06:00:00,0.0
439,26340,0,0,0,29,0,0,0,0,0,0,0,0,0,0,0,0,0,0,0,0.0,0.0,0.0,0.0,0.0,2020-01-19 07:00:00,0.0
440,26400,0,0,0,29,0,0,0,0,0,0,0,0,0,0,0,0,0,0,0,0.0,0.0,0.0,0.0,0.0,2020-01-19 08:00:00,0.0
441,26460,0,0,0,29,0,0,0,0,0,0,0,0,0,0,0,0,0,0,0,0.0,0.0,0.0,0.0,0.0,2020-01-19 09:00:00,0.0
442,26520,0,0,0,29,0,0,0,0,0,0,0,0,0,0,0,0,0,0,0,0.0,0.0,0.0,0.0,0.0,2020-01-19 10:00:00,0.0
443,26580,0,0,0,29,0,0,0,0,0,0,0,0,0,0,0,0,0,0,0,0.0,0.0,0.0,0.0,0.0,2020-01-19 11:00:00,0.0
444,26640,0,0,0,29,0,0,0,0,0,0,0,0,0,0,0,0,0,0,0,0.0,0.0,0.0,0.0,0.0,2020-01-19 12:00:00,0.0
445,26700,0,0,0,29,0,0,0,0,0,0,0,0,0,0,0,0,0,0,0,0.0,0.0,0.0,0.0,0.0,2020-01-19 13:00:00,0.0
446,26760,0,0,0,29,0,0,0,0,0,0,0,0,0,0,0,0,0,0,0,0.0,0.0,0.0,0.0,0.0,2020-01-19 14:00:00,0.0
447,26820,0,0,0,29,0,0,0,0,0,0,0,0,0,0,0,0,0,0,0,0.0,0.0,0.0,0.0,0.0,2020-01-19 15:00:00,0.0
448,26880,0,0,0,29,0,0,0,0,0,0,0,0,0,0,0,0,0,0,0,0.0,0.0,0.0,0.0,0.0,2020-01-19 16:00:00,0.0
449,26940,0,0,0,29,0,0,0,0,0,0,0,0,0,0,0,0,0,0,0,0.0,0.0,0.0,0.0,0.0,2020-01-19 17:00:00,0.0
450,27000,0,0,0,29,0,0,0,0,0,0,0,0,0,0,0,0,0,0,0,0.0,0.0,0.0,0.0,0.0,2020-01-19 18:00:00,0.0
451,27060,0,0,0,29,0,0,0,0,0,0,0,0,0,0,0,0,0,0,0,0.0,0.0,0.0,0.0,0.0,2020-01-19 19:00:00,0.0
452,27120,0,0,0,29,0,0,0,0,0,0,0,0,0,0,0,0,0,0,0,0.0,0.0,0.0,0.0,0.0,2020-01-19 20:00:00,0.0
453,27180,0,0,0,29,0,0,0,0,0,0,0,0,0,0,0,0,0,0,0,0.0,0.0,0.0,0.0,0.0,2020-01-19 21:00:00,0.0
454,27240,0,0,0,29,0,0,0,0,0,0,0,0,0,0,0,0,0,0,0,0.0,0.0,0.0,0.0,0.0,2020-01-19 22:00:00,0.0
455,27300,0,0,0,29,0,0,0,0,0,0,0,0,0,0,0,0,0,0,0,0.0,0.0,0.0,0.0,0.0,2020-01-19 23:00:00,0.0
456,27360,0,0,0,29,0,0,0,0,0,0,0,0,0,0,0,0,0,0,0,0.0,0.0,0.0,0.0,0.0,2020-01-20 00:00:00,0.0
457,27420,0,0,0,29,0,0,0,0,0,0,0,0,0,0,0,0,0,0,0,0.0,0.0,0.0,0.0,0.0,2020-01-20 01:00:00,0.0
458,27480,0,0,0,29,0,0,0,0,0,0,0,0,0,0,0,0,0,0,0,0.0,0.0,0.0,0.0,0.0,2020-01-20 02:00:00,0.0
459,27540,1,0,1,29,0,0,0,0,0,0,0,0,0,1,1,0,0,0,0,0.5,0.0,0.0,0.0,0.0,2020-01-20 03:00:00,0.018666666666666668
460,27600,1,0,0,29,0,1,0,0,0,0,0,0,0,1,1,0,0,0,0,0.5,0.0,0.0,0.0,0.0,2020-01-20 04:00:00,0.23211111111111113
461,27660,0,0,0,30,0,0,0,0,0,0,0,0,0,0,0,0,0,0,0,0.0,0.0,0.0,0.0,0.0,2020-01-20 05:00:00,0.0
462,27720,0,0,0,30,0,0,0,0,0,0,0,0,0,0,0,0,0,0,0,0.0,0.0,0.0,0.0,0.0,2020-01-20 06:00:00,0.0
463,27780,1,0,0,29,0,1,0,0,0,0,0,0,0,1,1,0,0,0,0,0.5,0.0,0.0,0.0,0.0,2020-01-20 07:00:00,0.20177777777777775
464,27840,0,0,0,30,0,0,0,0,0,0,0,0,0,0,0,0,0,0,0,0.0,0.0,0.0,0.0,0.0,2020-01-20 08:00:00,0.0
465,27900,0,0,0,30,0,0,0,0,0,0,0,0,0,0,0,0,0,0,0,0.0,0.0,0.0,0.0,0.0,2020-01-20 09:00:00,0.0
466,27960,0,0,0,30,0,0,0,0,0,0,0,0,0,0,0,0,0,0,0,0.0,0.0,0.0,0.0,0.0,2020-01-20 10:00:00,0.0
467,28020,0,0,0,30,0,0,0,0,0,0,0,0,0,0,0,0,0,0,0,0.0,0.0,0.0,0.0,0.0,2020-01-20 11:00:00,0.0
468,28080,0,0,0,30,0,0,0,0,0,0,0,0,0,0,0,0,0,0,0,0.0,0.0,0.0,0.0,0.0,2020-01-20 12:00:00,0.0
469,28140,0,0,0,30,0,0,0,0,0,0,0,0,0,0,0,0,0,0,0,0.0,0.0,0.0,0.0,0.0,2020-01-20 13:00:00,0.0
470,28200,0,0,0,30,0,0,0,0,0,0,0,0,0,0,0,0,0,0,0,0.0,0.0,0.0,0.0,0.0,2020-01-20 14:00:00,0.0
471,28260,0,0,0,30,0,0,0,0,0,0,0,0,0,0,0,0,0,0,0,0.0,0.0,0.0,0.0,0.0,2020-01-20 15:00:00,0.0
472,28320,0,0,0,30,0,0,0,0,0,0,0,0,0,0,0,0,0,0,0,0.0,0.0,0.0,0.0,0.0,2020-01-20 16:00:00,0.0
473,28380,0,0,0,30,0,0,0,0,0,0,0,0,0,0,0,0,0,0,0,0.0,0.0,0.0,0.0,0.0,2020-01-20 17:00:00,0.0
474,28440,1,0,0,30,0,1,0,0,0,0,0,0,0,1,1,0,0,0,0,0.5,0.0,0.0,0.0,0.0,2020-01-20 18:00:00,0.2246236559139785
475,28500,0,0,0,31,0,0,0,0,0,0,0,0,0,0,0,0,0,0,0,0.0,0.0,0.0,0.0,0.0,2020-01-20 19:00:00,0.0
476,28560,0,0,0,31,0,0,0,0,0,0,0,0,0,0,0,0,0,0,0,0.0,0.0,0.0,0.0,0.0,2020-01-20 20:00:00,0.0
477,28620,0,0,0,31,0,0,0,0,0,0,0,0,0,0,0,0,0,0,0,0.0,0.0,0.0,0.0,0.0,2020-01-20 21:00:00,0.0
478,28680,0,0,0,31,0,0,0,0,0,0,0,0,0,0,0,0,0,0,0,0.0,0.0,0.0,0.0,0.0,2020-01-20 22:00:00,0.0
479,28740,0,0,0,31,0,0,0,0,0,0,0,0,0,0,0,0,0,0,0,0.0,0.0,0.0,0.0,0.0,2020-01-20 23:00:00,0.0
480,28800,0,0,0,31,0,0,0,0,0,0,0,0,0,0,0,0,0,0,0,0.0,0.0,0.0,0.0,0.0,2020-01-21 00:00:00,0.0
481,28860,0,0,0,31,0,0,0,0,0,0,0,0,0,0,0,0,0,0,0,0.0,0.0,0.0,0.0,0.0,2020-01-21 01:00:00,0.0
482,28920,0,0,0,31,0,0,0,0,0,0,0,0,0,0,0,0,0,0,0,0.0,0.0,0.0,0.0,0.0,2020-01-21 02:00:00,0.0
483,28980,1,0,1,30,0,0,0,0,0,0,0,0,0,1,1,0,0,0,0,0.5,0.0,0.0,0.0,0.0,2020-01-21 03:00:00,0.01806451612903226
484,29040,2,0,0,30,1,1,0,0,0,0,0,0,0,2,1,1,0,0,0,0.5,1.0,0.0,0.0,0.0,2020-01-21 04:00:00,0.6059224137931034
485,29100,2,0,1,31,0,1,0,0,0,0,0,0,0,2,2,0,0,0,0,1.0,0.0,0.0,0.0,0.0,2020-01-21 05:00:00,0.22797979797979798
486,29160,1,0,0,32,0,1,0,0,0,0,0,0,0,1,1,0,0,0,0,0.5,0.0,0.0,0.0,0.0,2020-01-21 06:00:00,0.21101010101010104
487,29220,0,0,0,33,0,0,0,0,0,0,0,0,0,0,0,0,0,0,0,0.0,0.0,0.0,0.0,0.0,2020-01-21 07:00:00,0.0
488,29280,0,0,0,33,0,0,0,0,0,0,0,0,0,0,0,0,0,0,0,0.0,0.0,0.0,0.0,0.0,2020-01-21 08:00:00,0.0
489,29340,0,0,0,33,0,0,0,0,0,0,0,0,0,0,0,0,0,0,0,0.0,0.0,0.0,0.0,0.0,2020-01-21 09:00:00,0.0
490,29400,0,0,0,33,0,0,0,0,0,0,0,0,0,0,0,0,0,0,0,0.0,0.0,0.0,0.0,0.0,2020-01-21 10:00:00,0.0
491,29460,0,0,0,33,0,0,0,0,0,0,0,0,0,0,0,0,0,0,0,0.0,0.0,0.0,0.0,0.0,2020-01-21 11:00:00,0.0
492,29520,0,0,0,33,0,0,0,0,0,0,0,0,0,0,0,0,0,0,0,0.0,0.0,0.0,0.0,0.0,2020-01-21 12:00:00,0.0
493,29580,0,0,0,33,0,0,0,0,0,0,0,0,0,0,0,0,0,0,0,0.0,0.0,0.0,0.0,0.0,2020-01-21 13:00:00,0.0
494,29640,0,0,0,33,0,0,0,0,0,0,0,0,0,0,0,0,0,0,0,0.0,0.0,0.0,0.0,0.0,2020-01-21 14:00:00,0.0
495,29700,1,0,0,33,1,0,0,0,0,0,0,0,0,1,0,1,0,0,0,0.0,1.0,0.0,0.0,0.0,2020-01-21 15:00:00,0.15192697768762678
496,29760,0,0,0,34,0,0,0,0,0,0,0,0,0,0,0,0,0,0,0,0.0,0.0,0.0,0.0,0.0,2020-01-21 16:00:00,0.0
497,29820,0,0,0,34,0,0,0,0,0,0,0,0,0,0,0,0,0,0,0,0.0,0.0,0.0,0.0,0.0,2020-01-21 17:00:00,0.0
498,29880,0,0,0,34,0,0,0,0,0,0,0,0,0,0,0,0,0,0,0,0.0,0.0,0.0,0.0,0.0,2020-01-21 18:00:00,0.0
499,29940,0,0,0,34,0,0,0,0,0,0,0,0,0,0,0,0,0,0,0,0.0,0.0,0.0,0.0,0.0,2020-01-21 19:00:00,0.0
500,30000,0,0,0,34,0,0,0,0,0,0,0,0,0,0,0,0,0,0,0,0.0,0.0,0.0,0.0,0.0,2020-01-21 20:00:00,0.0
501,30060,0,0,0,34,0,0,0,0,0,0,0,0,0,0,0,0,0,0,0,0.0,0.0,0.0,0.0,0.0,2020-01-21 21:00:00,0.0
502,30120,0,0,0,34,0,0,0,0,0,0,0,0,0,0,0,0,0,0,0,0.0,0.0,0.0,0.0,0.0,2020-01-21 22:00:00,0.0
503,30180,0,0,0,34,0,0,0,0,0,0,0,0,0,0,0,0,0,0,0,0.0,0.0,0.0,0.0,0.0,2020-01-21 23:00:00,0.0
504,30240,0,0,0,34,0,0,0,0,0,0,0,0,0,0,0,0,0,0,0,0.0,0.0,0.0,0.0,0.0,2020-01-22 00:00:00,0.0
505,30300,0,0,0,34,0,0,0,0,0,0,0,0,0,0,0,0,0,0,0,0.0,0.0,0.0,0.0,0.0,2020-01-22 01:00:00,0.0
506,30360,0,0,0,35,0,0,0,0,0,0,0,0,0,0,0,0,0,0,0,0.0,0.0,0.0,0.0,0.0,2020-01-22 02:00:00,0.0
507,30420,1,0,0,35,0,0,0,0,1,0,0,0,0,1,0,0,0,0,1,0.0,0.0,0.0,1.0,0.0,2020-01-22 03:00:00,0.015555555555555557
508,30480,0,0,0,36,0,0,0,0,0,0,0,0,0,0,0,0,0,0,0,0.0,0.0,0.0,0.0,0.0,2020-01-22 04:00:00,0.0
509,30540,0,0,0,36,0,0,0,0,0,0,0,0,0,0,0,0,0,0,0,0.0,0.0,0.0,0.0,0.0,2020-01-22 05:00:00,0.0
510,30600,0,0,0,36,0,0,0,0,0,0,0,0,0,0,0,0,0,0,0,0.0,0.0,0.0,0.0,0.0,2020-01-22 06:00:00,0.0
511,30660,1,0,0,35,0,1,0,0,0,0,0,0,0,1,1,0,0,0,0,0.5,0.0,0.0,0.0,0.0,2020-01-22 07:00:00,0.16814814814814813
512,30720,0,0,0,35,0,0,0,0,0,0,0,0,0,0,0,0,0,0,0,0.0,0.0,0.0,0.0,0.0,2020-01-22 08:00:00,0.0
513,30780,0,0,0,35,0,0,0,0,0,0,0,0,0,0,0,0,0,0,0,0.0,0.0,0.0,0.0,0.0,2020-01-22 09:00:00,0.0
514,30840,0,0,0,35,0,0,0,0,0,0,0,0,0,0,0,0,0,0,0,0.0,0.0,0.0,0.0,0.0,2020-01-22 10:00:00,0.0
515,30900,0,0,0,35,0,0,0,0,0,0,0,0,0,0,0,0,0,0,0,0.0,0.0,0.0,0.0,0.0,2020-01-22 11:00:00,0.0
516,30960,0,0,0,35,0,0,0,0,0,0,0,0,0,0,0,0,0,0,0,0.0,0.0,0.0,0.0,0.0,2020-01-22 12:00:00,0.0
517,31020,0,0,0,35,0,0,0,0,0,0,0,0,0,0,0,0,0,0,0,0.0,0.0,0.0,0.0,0.0,2020-01-22 13:00:00,0.0
518,31080,0,0,0,35,0,0,0,0,0,0,0,0,0,0,0,0,0,0,0,0.0,0.0,0.0,0.0,0.0,2020-01-22 14:00:00,0.0
519,31140,1,0,0,34,1,0,0,0,0,0,0,0,0,1,0,1,0,0,0,0.0,1.0,0.0,0.0,0.0,2020-01-22 15:00:00,0.2684968944099379
520,31200,0,0,0,34,0,0,0,0,0,0,0,0,0,0,0,0,0,0,0,0.0,0.0,0.0,0.0,0.0,2020-01-22 16:00:00,0.0
521,31260,1,0,0,33,0,1,0,0,0,0,0,0,0,1,1,0,0,0,0,0.5,0.0,0.0,0.0,0.0,2020-01-22 17:00:00,0.17803921568627448
522,31320,0,0,0,33,0,0,0,0,0,0,0,0,0,0,0,0,0,0,0,0.0,0.0,0.0,0.0,0.0,2020-01-22 18:00:00,0.0
523,31380,0,0,0,33,0,0,0,0,0,0,0,0,0,0,0,0,0,0,0,0.0,0.0,0.0,0.0,0.0,2020-01-22 19:00:00,0.0
524,31440,0,0,0,33,0,0,0,0,0,0,0,0,0,0,0,0,0,0,0,0.0,0.0,0.0,0.0,0.0,2020-01-22 20:00:00,0.0
525,31500,0,0,0,33,0,0,0,0,0,0,0,0,0,0,0,0,0,0,0,0.0,0.0,0.0,0.0,0.0,2020-01-22 21:00:00,0.0
526,31560,0,0,0,33,0,0,0,0,0,0,0,0,0,0,0,0,0,0,0,0.0,0.0,0.0,0.0,0.0,2020-01-22 22:00:00,0.0
527,31620,0,0,0,33,0,0,0,0,0,0,0,0,0,0,0,0,0,0,0,0.0,0.0,0.0,0.0,0.0,2020-01-22 23:00:00,0.0
528,31680,0,0,0,33,0,0,0,0,0,0,0,0,0,0,0,0,0,0,0,0.0,0.0,0.0,0.0,0.0,2020-01-23 00:00:00,0.0
529,31740,0,0,0,33,0,0,0,0,0,0,0,0,0,0,0,0,0,0,0,0.0,0.0,0.0,0.0,0.0,2020-01-23 01:00:00,0.0
530,31800,1,0,0,33,1,0,0,0,0,0,0,0,0,1,0,1,0,0,0,0.0,1.0,0.0,0.0,0.0,2020-01-23 02:00:00,0.15192697768762678
531,31860,1,0,0,33,0,1,0,0,0,0,0,0,0,1,1,0,0,0,0,0.5,0.0,0.0,0.0,0.0,2020-01-23 03:00:00,0.20480392156862748
532,31920,1,0,0,34,1,0,0,0,0,0,0,0,0,1,0,1,0,0,0,0.0,1.0,0.0,0.0,0.0,2020-01-23 04:00:00,0.14758620689655175
533,31980,1,0,0,34,0,0,0,0,1,0,0,0,0,1,0,0,0,0,1,0.0,0.0,0.0,1.0,0.0,2020-01-23 05:00:00,0.016
534,32040,0,0,0,35,0,0,0,0,0,0,0,0,0,0,0,0,0,0,0,0.0,0.0,0.0,0.0,0.0,2020-01-23 06:00:00,0.0
535,32100,0,0,0,35,0,0,0,0,0,0,0,0,0,0,0,0,0,0,0,0.0,0.0,0.0,0.0,0.0,2020-01-23 07:00:00,0.0
536,32160,0,0,0,35,0,0,0,0,0,0,0,0,0,0,0,0,0,0,0,0.0,0.0,0.0,0.0,0.0,2020-01-23 08:00:00,0.0
537,32220,0,0,0,35,0,0,0,0,0,0,0,0,0,0,0,0,0,0,0,0.0,0.0,0.0,0.0,0.0,2020-01-23 09:00:00,0.0
538,32280,0,0,0,35,0,0,0,0,0,0,0,0,0,0,0,0,0,0,0,0.0,0.0,0.0,0.0,0.0,2020-01-23 10:00:00,0.0
539,32340,1,0,0,34,0,1,0,0,0,0,0,0,0,1,1,0,0,0,0,0.5,0.0,0.0,0.0,0.0,2020-01-23 11:00:00,0.4064
540,32400,0,0,0,35,0,0,0,0,0,0,0,0,0,0,0,0,0,0,0,0.0,0.0,0.0,0.0,0.0,2020-01-23 12:00:00,0.0
541,32460,0,0,0,35,0,0,0,0,0,0,0,0,0,0,0,0,0,0,0,0.0,0.0,0.0,0.0,0.0,2020-01-23 13:00:00,0.0
542,32520,1,0,1,35,0,0,0,0,0,0,0,0,0,1,1,0,0,0,0,0.5,0.0,0.0,0.0,0.0,2020-01-23 14:00:00,0.015555555555555557
543,32580,1,0,0,36,1,0,0,0,0,0,0,0,0,1,0,1,0,0,0,0.0,1.0,0.0,0.0,0.0,2020-01-23 15:00:00,0.13960857409133273
544,32640,3,0,1,34,0,1,0,0,1,0,0,0,0,3,2,0,0,0,1,1.0,0.0,0.0,1.0,0.0,2020-01-23 16:00:00,0.21846846846846849
545,32700,1,0,1,36,0,0,0,0,0,0,0,0,0,1,1,0,0,0,0,0.5,0.0,0.0,0.0,0.0,2020-01-23 17:00:00,0.015135135135135137
546,32760,0,0,0,36,0,0,0,0,0,0,0,0,0,0,0,0,0,0,0,0.0,0.0,0.0,0.0,0.0,2020-01-23 18:00:00,0.0
547,32820,0,0,0,36,0,0,0,0,0,0,0,0,0,0,0,0,0,0,0,0.0,0.0,0.0,0.0,0.0,2020-01-23 19:00:00,0.0
548,32880,0,0,0,36,0,0,0,0,0,0,0,0,0,0,0,0,0,0,0,0.0,0.0,0.0,0.0,0.0,2020-01-23 20:00:00,0.0
549,32940,0,0,0,36,0,0,0,0,0,0,0,0,0,0,0,0,0,0,0,0.0,0.0,0.0,0.0,0.0,2020-01-23 21:00:00,0.0
550,33000,1,0,0,36,1,0,0,0,0,0,0,0,0,1,0,1,0,0,0,0.0,1.0,0.0,0.0,0.0,2020-01-23 22:00:00,0.13960857409133273
551,33060,1,0,0,36,0,1,0,0,0,0,0,0,0,1,1,0,0,0,0,0.5,0.0,0.0,0.0,0.0,2020-01-23 23:00:00,0.1636036036036036
552,33120,0,0,0,37,0,0,0,0,0,0,0,0,0,0,0,0,0,0,0,0.0,0.0,0.0,0.0,0.0,2020-01-24 00:00:00,0.0
553,33180,0,0,0,37,0,0,0,0,0,0,0,0,0,0,0,0,0,0,0,0.0,0.0,0.0,0.0,0.0,2020-01-24 01:00:00,0.0
554,33240,0,0,0,37,0,0,0,0,0,0,0,0,0,0,0,0,0,0,0,0.0,0.0,0.0,0.0,0.0,2020-01-24 02:00:00,0.0
555,33300,0,0,0,37,0,0,0,0,0,0,0,0,0,0,0,0,0,0,0,0.0,0.0,0.0,0.0,0.0,2020-01-24 03:00:00,0.0
556,33360,0,0,0,37,0,0,0,0,0,0,0,0,0,0,0,0,0,0,0,0.0,0.0,0.0,0.0,0.0,2020-01-24 04:00:00,0.0
557,33420,0,0,0,37,0,0,0,0,0,0,0,0,0,0,0,0,0,0,0,0.0,0.0,0.0,0.0,0.0,2020-01-24 05:00:00,0.0
558,33480,0,0,0,37,0,0,0,0,0,0,0,0,0,0,0,0,0,0,0,0.0,0.0,0.0,0.0,0.0,2020-01-24 06:00:00,0.0
559,33540,0,0,0,37,0,0,0,0,0,0,0,0,0,0,0,0,0,0,0,0.0,0.0,0.0,0.0,0.0,2020-01-24 07:00:00,0.0
560,33600,0,0,0,37,0,0,0,0,0,0,0,0,0,0,0,0,0,0,0,0.0,0.0,0.0,0.0,0.0,2020-01-24 08:00:00,0.0
561,33660,0,0,0,37,0,0,0,0,0,0,0,0,0,0,0,0,0,0,0,0.0,0.0,0.0,0.0,0.0,2020-01-24 09:00:00,0.0
562,33720,0,0,0,37,0,0,0,0,0,0,0,0,0,0,0,0,0,0,0,0.0,0.0,0.0,0.0,0.0,2020-01-24 10:00:00,0.0
563,33780,0,0,0,37,0,0,0,0,0,0,0,0,0,0,0,0,0,0,0,0.0,0.0,0.0,0.0,0.0,2020-01-24 11:00:00,0.0
564,33840,0,0,0,37,0,0,0,0,0,0,0,0,0,0,0,0,0,0,0,0.0,0.0,0.0,0.0,0.0,2020-01-24 12:00:00,0.0
565,33900,0,0,0,37,0,0,0,0,0,0,0,0,0,0,0,0,0,0,0,0.0,0.0,0.0,0.0,0.0,2020-01-24 13:00:00,0.0
566,33960,0,0,0,37,0,0,0,0,0,0,0,0,0,0,0,0,0,0,0,0.0,0.0,0.0,0.0,0.0,2020-01-24 14:00:00,0.0
567,34020,0,0,0,37,0,0,0,0,0,0,0,0,0,0,0,0,0,0,0,0.0,0.0,0.0,0.0,0.0,2020-01-24 15:00:00,0.0
568,34080,0,0,0,37,0,0,0,0,0,0,0,0,0,0,0,0,0,0,0,0.0,0.0,0.0,0.0,0.0,2020-01-24 16:00:00,0.0
569,34140,1,0,0,36,0,1,0,0,0,0,0,0,0,1,1,0,0,0,0,0.5,0.0,0.0,0.0,0.0,2020-01-24 17:00:00,0.1636036036036036
570,34200,1,0,0,36,1,0,0,0,0,0,0,0,0,1,0,1,0,0,0,0.0,1.0,0.0,0.0,0.0,2020-01-24 18:00:00,0.13960857409133273
571,34260,0,0,0,37,0,0,0,0,0,0,0,0,0,0,0,0,0,0,0,0.0,0.0,0.0,0.0,0.0,2020-01-24 19:00:00,0.0
572,34320,0,0,0,37,0,0,0,0,0,0,0,0,0,0,0,0,0,0,0,0.0,0.0,0.0,0.0,0.0,2020-01-24 20:00:00,0.0
573,34380,2,0,0,35,0,2,0,0,0,0,0,0,0,2,2,0,0,0,0,1.0,0.0,0.0,0.0,0.0,2020-01-24 21:00:00,0.548036036036036
574,34440,0,0,0,37,0,0,0,0,0,0,0,0,0,0,0,0,0,0,0,0.0,0.0,0.0,0.0,0.0,2020-01-24 22:00:00,0.0
575,34500,0,0,0,37,0,0,0,0,0,0,0,0,0,0,0,0,0,0,0,0.0,0.0,0.0,0.0,0.0,2020-01-24 23:00:00,0.0
576,34560,0,0,0,37,0,0,0,0,0,0,0,0,0,0,0,0,0,0,0,0.0,0.0,0.0,0.0,0.0,2020-01-25 00:00:00,0.0
577,34620,0,0,0,37,0,0,0,0,0,0,0,0,0,0,0,0,0,0,0,0.0,0.0,0.0,0.0,0.0,2020-01-25 01:00:00,0.0
578,34680,1,0,0,36,0,1,0,0,0,0,0,0,0,1,1,0,0,0,0,0.5,0.0,0.0,0.0,0.0,2020-01-25 02:00:00,0.1636036036036036
579,34740,0,0,0,37,0,0,0,0,0,0,0,0,0,0,0,0,0,0,0,0.0,0.0,0.0,0.0,0.0,2020-01-25 03:00:00,0.0
580,34800,0,0,0,37,0,0,0,0,0,0,0,0,0,0,0,0,0,0,0,0.0,0.0,0.0,0.0,0.0,2020-01-25 04:00:00,0.0
581,34860,1,0,0,37,1,0,0,0,0,0,0,0,0,1,0,1,0,0,0,0.0,1.0,0.0,0.0,0.0,2020-01-25 05:00:00,0.13593466424682396
582,34920,0,0,0,38,0,0,0,0,0,0,0,0,0,0,0,0,0,0,0,0.0,0.0,0.0,0.0,0.0,2020-01-25 06:00:00,0.0
583,34980,0,0,0,38,0,0,0,0,0,0,0,0,0,0,0,0,0,0,0,0.0,0.0,0.0,0.0,0.0,2020-01-25 07:00:00,0.0
584,35040,0,0,0,38,0,0,0,0,0,0,0,0,0,0,0,0,0,0,0,0.0,0.0,0.0,0.0,0.0,2020-01-25 08:00:00,0.0
585,35100,0,0,0,38,0,0,0,0,0,0,0,0,0,0,0,0,0,0,0,0.0,0.0,0.0,0.0,0.0,2020-01-25 09:00:00,0.0
586,35160,0,0,0,38,0,0,0,0,0,0,0,0,0,0,0,0,0,0,0,0.0,0.0,0.0,0.0,0.0,2020-01-25 10:00:00,0.0
587,35220,0,0,0,38,0,0,0,0,0,0,0,0,0,0,0,0,0,0,0,0.0,0.0,0.0,0.0,0.0,2020-01-25 11:00:00,0.0
588,35280,0,0,0,38,0,0,0,0,0,0,0,0,0,0,0,0,0,0,0,0.0,0.0,0.0,0.0,0.0,2020-01-25 12:00:00,0.0
589,35340,1,0,0,37,1,0,0,0,0,0,0,0,0,1,0,1,0,0,0,0.0,1.0,0.0,0.0,0.0,2020-01-25 13:00:00,0.24729977116704804
590,35400,0,0,0,37,0,0,0,0,0,0,0,0,0,0,0,0,0,0,0,0.0,0.0,0.0,0.0,0.0,2020-01-25 14:00:00,0.0
591,35460,0,0,0,37,0,0,0,0,0,0,0,0,0,0,0,0,0,0,0,0.0,0.0,0.0,0.0,0.0,2020-01-25 15:00:00,0.0
592,35520,0,0,0,37,0,0,0,0,0,0,0,0,0,0,0,0,0,0,0,0.0,0.0,0.0,0.0,0.0,2020-01-25 16:00:00,0.0
593,35580,0,0,0,37,0,0,0,0,0,0,0,0,0,0,0,0,0,0,0,0.0,0.0,0.0,0.0,0.0,2020-01-25 17:00:00,0.0
594,35640,0,0,0,37,0,0,0,0,0,0,0,0,0,0,0,0,0,0,0,0.0,0.0,0.0,0.0,0.0,2020-01-25 18:00:00,0.0
595,35700,0,0,0,37,0,0,0,0,0,0,0,0,0,0,0,0,0,0,0,0.0,0.0,0.0,0.0,0.0,2020-01-25 19:00:00,0.0
596,35760,0,0,0,37,0,0,0,0,0,0,0,0,0,0,0,0,0,0,0,0.0,0.0,0.0,0.0,0.0,2020-01-25 20:00:00,0.0
597,35820,0,0,0,37,0,0,0,0,0,0,0,0,0,0,0,0,0,0,0,0.0,0.0,0.0,0.0,0.0,2020-01-25 21:00:00,0.0
598,35880,0,0,0,37,0,0,0,0,0,0,0,0,0,0,0,0,0,0,0,0.0,0.0,0.0,0.0,0.0,2020-01-25 22:00:00,0.0
599,35940,0,0,0,37,0,0,0,0,0,0,0,0,0,0,0,0,0,0,0,0.0,0.0,0.0,0.0,0.0,2020-01-25 23:00:00,0.0
600,36000,1,0,1,37,0,0,0,0,0,0,0,0,0,1,1,0,0,0,0,0.5,0.0,0.0,0.0,0.0,2020-01-26 00:00:00,0.01473684210526316
601,36060,1,0,0,37,0,1,0,0,0,0,0,0,0,1,1,0,0,0,0,0.5,0.0,0.0,0.0,0.0,2020-01-26 01:00:00,0.18324561403508774
602,36120,1,0,1,37,0,0,0,0,0,0,0,0,0,1,1,0,0,0,0,0.5,0.0,0.0,0.0,0.0,2020-01-26 02:00:00,0.01473684210526316
603,36180,2,0,1,36,0,1,0,0,0,0,0,0,0,2,2,0,0,0,0,1.0,0.0,0.0,0.0,0.0,2020-01-26 03:00:00,0.38905263157894737
604,36240,0,0,0,38,0,0,0,0,0,0,0,0,0,0,0,0,0,0,0,0.0,0.0,0.0,0.0,0.0,2020-01-26 04:00:00,0.0
605,36300,0,0,0,38,0,0,0,0,0,0,0,0,0,0,0,0,0,0,0,0.0,0.0,0.0,0.0,0.0,2020-01-26 05:00:00,0.0
606,36360,1,0,1,37,0,0,0,0,0,0,0,0,0,1,1,0,0,0,0,0.5,0.0,0.0,0.0,0.0,2020-01-26 06:00:00,0.01473684210526316
607,36420,1,0,0,37,0,1,0,0,0,0,0,0,0,1,1,0,0,0,0,0.5,0.0,0.0,0.0,0.0,2020-01-26 07:00:00,0.18324561403508774
608,36480,0,0,0,38,0,0,0,0,0,0,0,0,0,0,0,0,0,0,0,0.0,0.0,0.0,0.0,0.0,2020-01-26 08:00:00,0.0
609,36540,0,0,0,38,0,0,0,0,0,0,0,0,0,0,0,0,0,0,0,0.0,0.0,0.0,0.0,0.0,2020-01-26 09:00:00,0.0
610,36600,0,0,0,38,0,0,0,0,0,0,0,0,0,0,0,0,0,0,0,0.0,0.0,0.0,0.0,0.0,2020-01-26 10:00:00,0.0
611,36660,0,0,0,38,0,0,0,0,0,0,0,0,0,0,0,0,0,0,0,0.0,0.0,0.0,0.0,0.0,2020-01-26 11:00:00,0.0
612,36720,0,0,0,38,0,0,0,0,0,0,0,0,0,0,0,0,0,0,0,0.0,0.0,0.0,0.0,0.0,2020-01-26 12:00:00,0.0
613,36780,0,0,0,38,0,0,0,0,0,0,0,0,0,0,0,0,0,0,0,0.0,0.0,0.0,0.0,0.0,2020-01-26 13:00:00,0.0
614,36840,0,0,0,38,0,0,0,0,0,0,0,0,0,0,0,0,0,0,0,0.0,0.0,0.0,0.0,0.0,2020-01-26 14:00:00,0.0
615,36900,0,0,0,38,0,0,0,0,0,0,0,0,0,0,0,0,0,0,0,0.0,0.0,0.0,0.0,0.0,2020-01-26 15:00:00,0.0
616,36960,1,0,1,37,0,0,0,0,0,0,0,0,0,1,1,0,0,0,0,0.5,0.0,0.0,0.0,0.0,2020-01-26 16:00:00,0.01473684210526316
617,37020,0,0,0,37,0,0,0,0,0,0,0,0,0,0,0,0,0,0,0,0.0,0.0,0.0,0.0,0.0,2020-01-26 17:00:00,0.0
618,37080,0,0,0,37,0,0,0,0,0,0,0,0,0,0,0,0,0,0,0,0.0,0.0,0.0,0.0,0.0,2020-01-26 18:00:00,0.0
619,37140,0,0,0,37,0,0,0,0,0,0,0,0,0,0,0,0,0,0,0,0.0,0.0,0.0,0.0,0.0,2020-01-26 19:00:00,0.0
620,37200,1,0,1,37,0,0,0,0,0,0,0,0,0,1,1,0,0,0,0,0.5,0.0,0.0,0.0,0.0,2020-01-26 20:00:00,0.01473684210526316
621,37260,0,0,0,38,0,0,0,0,0,0,0,0,0,0,0,0,0,0,0,0.0,0.0,0.0,0.0,0.0,2020-01-26 21:00:00,0.0
622,37320,0,0,0,38,0,0,0,0,0,0,0,0,0,0,0,0,0,0,0,0.0,0.0,0.0,0.0,0.0,2020-01-26 22:00:00,0.0
623,37380,0,0,0,38,0,0,0,0,0,0,0,0,0,0,0,0,0,0,0,0.0,0.0,0.0,0.0,0.0,2020-01-26 23:00:00,0.0
624,37440,0,0,0,38,0,0,0,0,0,0,0,0,0,0,0,0,0,0,0,0.0,0.0,0.0,0.0,0.0,2020-01-27 00:00:00,0.0
625,37500,0,0,0,38,0,0,0,0,0,0,0,0,0,0,0,0,0,0,0,0.0,0.0,0.0,0.0,0.0,2020-01-27 01:00:00,0.0
626,37560,0,0,0,38,0,0,0,0,0,0,0,0,0,0,0,0,0,0,0,0.0,0.0,0.0,0.0,0.0,2020-01-27 02:00:00,0.0
627,37620,1,0,0,37,1,0,0,0,0,0,0,0,0,1,0,1,0,0,0,0.0,1.0,0.0,0.0,0.0,2020-01-27 03:00:00,0.24729977116704804
628,37680,0,0,0,38,0,0,0,0,0,0,0,0,0,0,0,0,0,0,0,0.0,0.0,0.0,0.0,0.0,2020-01-27 04:00:00,0.0
629,37740,0,0,0,38,0,0,0,0,0,0,0,0,0,0,0,0,0,0,0,0.0,0.0,0.0,0.0,0.0,2020-01-27 05:00:00,0.0
630,37800,0,0,0,38,0,0,0,0,0,0,0,0,0,0,0,0,0,0,0,0.0,0.0,0.0,0.0,0.0,2020-01-27 06:00:00,0.0
631,37860,0,0,0,38,0,0,0,0,0,0,0,0,0,0,0,0,0,0,0,0.0,0.0,0.0,0.0,0.0,2020-01-27 07:00:00,0.0
632,37920,1,0,1,37,0,0,0,0,0,0,0,0,0,1,1,0,0,0,0,0.5,0.0,0.0,0.0,0.0,2020-01-27 08:00:00,0.01473684210526316
633,37980,0,0,0,37,0,0,0,0,0,0,0,0,0,0,0,0,0,0,0,0.0,0.0,0.0,0.0,0.0,2020-01-27 09:00:00,0.0
634,38040,0,0,0,37,0,0,0,0,0,0,0,0,0,0,0,0,0,0,0,0.0,0.0,0.0,0.0,0.0,2020-01-27 10:00:00,0.0
635,38100,0,0,0,37,0,0,0,0,0,0,0,0,0,0,0,0,0,0,0,0.0,0.0,0.0,0.0,0.0,2020-01-27 11:00:00,0.0
636,38160,0,0,0,37,0,0,0,0,0,0,0,0,0,0,0,0,0,0,0,0.0,0.0,0.0,0.0,0.0,2020-01-27 12:00:00,0.0
637,38220,0,0,0,37,0,0,0,0,0,0,0,0,0,0,0,0,0,0,0,0.0,0.0,0.0,0.0,0.0,2020-01-27 13:00:00,0.0
638,38280,1,0,0,37,0,0,0,0,1,0,0,0,0,1,0,0,0,0,1,0.0,0.0,0.0,1.0,0.0,2020-01-27 14:00:00,0.01473684210526316
639,38340,0,0,0,38,0,0,0,0,0,0,0,0,0,0,0,0,0,0,0,0.0,0.0,0.0,0.0,0.0,2020-01-27 15:00:00,0.0
640,38400,0,0,0,38,0,0,0,0,0,0,0,0,0,0,0,0,0,0,0,0.0,0.0,0.0,0.0,0.0,2020-01-27 16:00:00,0.0
641,38460,0,0,0,38,0,0,0,0,0,0,0,0,0,0,0,0,0,0,0,0.0,0.0,0.0,0.0,0.0,2020-01-27 17:00:00,0.0
642,38520,1,0,0,37,0,1,0,0,0,0,0,0,0,1,1,0,0,0,0,0.5,0.0,0.0,0.0,0.0,2020-01-27 18:00:00,0.15929824561403508
643,38580,1,0,0,37,0,1,0,0,0,0,0,0,0,1,1,0,0,0,0,0.5,0.0,0.0,0.0,0.0,2020-01-27 19:00:00,0.3743157894736842
644,38640,0,0,0,38,0,0,0,0,0,0,0,0,0,0,0,0,0,0,0,0.0,0.0,0.0,0.0,0.0,2020-01-27 20:00:00,0.0
645,38700,0,0,0,38,0,0,0,0,0,0,0,0,0,0,0,0,0,0,0,0.0,0.0,0.0,0.0,0.0,2020-01-27 21:00:00,0.0
646,38760,0,0,0,38,0,0,0,0,0,0,0,0,0,0,0,0,0,0,0,0.0,0.0,0.0,0.0,0.0,2020-01-27 22:00:00,0.0
647,38820,0,0,0,38,0,0,0,0,0,0,0,0,0,0,0,0,0,0,0,0.0,0.0,0.0,0.0,0.0,2020-01-27 23:00:00,0.0
648,38880,0,0,0,38,0,0,0,0,0,0,0,0,0,0,0,0,0,0,0,0.0,0.0,0.0,0.0,0.0,2020-01-28 00:00:00,0.0
649,38940,0,0,0,38,0,0,0,0,0,0,0,0,0,0,0,0,0,0,0,0.0,0.0,0.0,0.0,0.0,2020-01-28 01:00:00,0.0
650,39000,0,0,0,38,0,0,0,0,0,0,0,0,0,0,0,0,0,0,0,0.0,0.0,0.0,0.0,0.0,2020-01-28 02:00:00,0.0
651,39060,0,0,0,38,0,0,0,0,0,0,0,0,0,0,0,0,0,0,0,0.0,0.0,0.0,0.0,0.0,2020-01-28 03:00:00,0.0
652,39120,0,0,0,38,0,0,0,0,0,0,0,0,0,0,0,0,0,0,0,0.0,0.0,0.0,0.0,0.0,2020-01-28 04:00:00,0.0
653,39180,1,0,0,37,0,0,0,0,1,0,0,0,0,1,0,0,0,0,1,0.0,0.0,0.0,1.0,0.0,2020-01-28 05:00:00,0.01473684210526316
654,39240,1,0,0,37,1,0,0,0,0,0,0,0,0,1,0,1,0,0,0,0.0,1.0,0.0,0.0,0.0,2020-01-28 06:00:00,0.13593466424682396
655,39300,0,0,0,38,0,0,0,0,0,0,0,0,0,0,0,0,0,0,0,0.0,0.0,0.0,0.0,0.0,2020-01-28 07:00:00,0.0
656,39360,0,0,0,38,0,0,0,0,0,0,0,0,0,0,0,0,0,0,0,0.0,0.0,0.0,0.0,0.0,2020-01-28 08:00:00,0.0
657,39420,1,0,0,37,1,0,0,0,0,0,0,0,0,1,0,1,0,0,0,0.0,1.0,0.0,0.0,0.0,2020-01-28 09:00:00,0.24729977116704804
658,39480,0,0,0,38,0,0,0,0,0,0,0,0,0,0,0,0,0,0,0,0.0,0.0,0.0,0.0,0.0,2020-01-28 10:00:00,0.0
659,39540,0,0,0,38,0,0,0,0,0,0,0,0,0,0,0,0,0,0,0,0.0,0.0,0.0,0.0,0.0,2020-01-28 11:00:00,0.0
660,39600,0,0,0,38,0,0,0,0,0,0,0,0,0,0,0,0,0,0,0,0.0,0.0,0.0,0.0,0.0,2020-01-28 12:00:00,0.0
661,39660,0,0,0,38,0,0,0,0,0,0,0,0,0,0,0,0,0,0,0,0.0,0.0,0.0,0.0,0.0,2020-01-28 13:00:00,0.0
662,39720,0,0,0,38,0,0,0,0,0,0,0,0,0,0,0,0,0,0,0,0.0,0.0,0.0,0.0,0.0,2020-01-28 14:00:00,0.0
663,39780,0,0,0,38,0,0,0,0,0,0,0,0,0,0,0,0,0,0,0,0.0,0.0,0.0,0.0,0.0,2020-01-28 15:00:00,0.0
664,39840,1,0,0,37,0,1,0,0,0,0,0,0,0,1,1,0,0,0,0,0.5,0.0,0.0,0.0,0.0,2020-01-28 16:00:00,0.3743157894736842
665,39900,0,0,0,38,0,0,0,0,0,0,0,0,0,0,0,0,0,0,0,0.0,0.0,0.0,0.0,0.0,2020-01-28 17:00:00,0.0
666,39960,0,0,0,38,0,0,0,0,0,0,0,0,0,0,0,0,0,0,0,0.0,0.0,0.0,0.0,0.0,2020-01-28 18:00:00,0.0
667,40020,0,0,0,38,0,0,0,0,0,0,0,0,0,0,0,0,0,0,0,0.0,0.0,0.0,0.0,0.0,2020-01-28 19:00:00,0.0
668,40080,0,0,0,38,0,0,0,0,0,0,0,0,0,0,0,0,0,0,0,0.0,0.0,0.0,0.0,0.0,2020-01-28 20:00:00,0.0
669,40140,0,0,0,38,0,0,0,0,0,0,0,0,0,0,0,0,0,0,0,0.0,0.0,0.0,0.0,0.0,2020-01-28 21:00:00,0.0
670,40200,0,0,0,38,0,0,0,0,0,0,0,0,0,0,0,0,0,0,0,0.0,0.0,0.0,0.0,0.0,2020-01-28 22:00:00,0.0
671,40260,0,0,0,38,0,0,0,0,0,0,0,0,0,0,0,0,0,0,0,0.0,0.0,0.0,0.0,0.0,2020-01-28 23:00:00,0.0
672,40320,1,0,0,38,0,0,0,0,1,0,0,0,0,1,0,0,0,0,1,0.0,0.0,0.0,1.0,0.0,2020-01-29 00:00:00,0.01435897435897436
673,40380,0,0,0,39,0,0,0,0,0,0,0,0,0,0,0,0,0,0,0,0.0,0.0,0.0,0.0,0.0,2020-01-29 01:00:00,0.0
674,40440,1,0,0,37,0,1,0,0,0,0,0,0,0,1,1,0,0,0,0,0.5,0.0,0.0,0.0,0.0,2020-01-29 02:00:00,0.3743157894736842
675,40500,0,0,0,38,0,0,0,0,0,0,0,0,0,0,0,0,0,0,0,0.0,0.0,0.0,0.0,0.0,2020-01-29 03:00:00,0.0
676,40560,0,0,0,38,0,0,0,0,0,0,0,0,0,0,0,0,0,0,0,0.0,0.0,0.0,0.0,0.0,2020-01-29 04:00:00,0.0
677,40620,0,0,0,38,0,0,0,0,0,0,0,0,0,0,0,0,0,0,0,0.0,0.0,0.0,0.0,0.0,2020-01-29 05:00:00,0.0
678,40680,0,0,0,38,0,0,0,0,0,0,0,0,0,0,0,0,0,0,0,0.0,0.0,0.0,0.0,0.0,2020-01-29 06:00:00,0.0
679,40740,0,0,0,38,0,0,0,0,0,0,0,0,0,0,0,0,0,0,0,0.0,0.0,0.0,0.0,0.0,2020-01-29 07:00:00,0.0
680,40800,1,0,0,37,0,1,0,0,0,0,0,0,0,1,1,0,0,0,0,0.5,0.0,0.0,0.0,0.0,2020-01-29 08:00:00,0.15929824561403508
681,40860,0,0,0,38,0,0,0,0,0,0,0,0,0,0,0,0,0,0,0,0.0,0.0,0.0,0.0,0.0,2020-01-29 09:00:00,0.0
682,40920,0,0,0,38,0,0,0,0,0,0,0,0,0,0,0,0,0,0,0,0.0,0.0,0.0,0.0,0.0,2020-01-29 10:00:00,0.0
683,40980,0,0,0,37,0,0,0,0,0,0,0,0,0,0,0,0,0,0,0,0.0,0.0,0.0,0.0,0.0,2020-01-29 11:00:00,0.0
684,41040,0,0,0,37,0,0,0,0,0,0,0,0,0,0,0,0,0,0,0,0.0,0.0,0.0,0.0,0.0,2020-01-29 12:00:00,0.0
685,41100,0,0,0,37,0,0,0,0,0,0,0,0,0,0,0,0,0,0,0,0.0,0.0,0.0,0.0,0.0,2020-01-29 13:00:00,0.0
686,41160,1,0,0,36,0,1,0,0,0,0,0,0,0,1,1,0,0,0,0,0.5,0.0,0.0,0.0,0.0,2020-01-29 14:00:00,0.1636036036036036
687,41220,0,0,0,37,0,0,0,0,0,0,0,0,0,0,0,0,0,0,0,0.0,0.0,0.0,0.0,0.0,2020-01-29 15:00:00,0.0
688,41280,0,0,0,37,0,0,0,0,0,0,0,0,0,0,0,0,0,0,0,0.0,0.0,0.0,0.0,0.0,2020-01-29 16:00:00,0.0
689,41340,0,0,0,37,0,0,0,0,0,0,0,0,0,0,0,0,0,0,0,0.0,0.0,0.0,0.0,0.0,2020-01-29 17:00:00,0.0
690,41400,0,0,0,37,0,0,0,0,0,0,0,0,0,0,0,0,0,0,0,0.0,0.0,0.0,0.0,0.0,2020-01-29 18:00:00,0.0
691,41460,0,0,0,37,0,0,0,0,0,0,0,0,0,0,0,0,0,0,0,0.0,0.0,0.0,0.0,0.0,2020-01-29 19:00:00,0.0
692,41520,0,0,0,37,0,0,0,0,0,0,0,0,0,0,0,0,0,0,0,0.0,0.0,0.0,0.0,0.0,2020-01-29 20:00:00,0.0
693,41580,0,0,0,37,0,0,0,0,0,0,0,0,0,0,0,0,0,0,0,0.0,0.0,0.0,0.0,0.0,2020-01-29 21:00:00,0.0
694,41640,0,0,0,37,0,0,0,0,0,0,0,0,0,0,0,0,0,0,0,0.0,0.0,0.0,0.0,0.0,2020-01-29 22:00:00,0.0
695,41700,1,0,0,37,1,0,0,0,0,0,0,0,0,1,0,1,0,0,0,0.0,1.0,0.0,0.0,0.0,2020-01-29 23:00:00,0.13593466424682396
696,41760,0,0,0,38,0,0,0,0,0,0,0,0,0,0,0,0,0,0,0,0.0,0.0,0.0,0.0,0.0,2020-01-30 00:00:00,0.0
697,41820,0,0,0,38,0,0,0,0,0,0,0,0,0,0,0,0,0,0,0,0.0,0.0,0.0,0.0,0.0,2020-01-30 01:00:00,0.0
698,41880,0,0,0,38,0,0,0,0,0,0,0,0,0,0,0,0,0,0,0,0.0,0.0,0.0,0.0,0.0,2020-01-30 02:00:00,0.0
699,41940,0,0,0,38,0,0,0,0,0,0,0,0,0,0,0,0,0,0,0,0.0,0.0,0.0,0.0,0.0,2020-01-30 03:00:00,0.0
700,42000,0,0,0,38,0,0,0,0,0,0,0,0,0,0,0,0,0,0,0,0.0,0.0,0.0,0.0,0.0,2020-01-30 04:00:00,0.0
701,42060,1,0,0,37,0,1,0,0,0,0,0,0,0,1,1,0,0,0,0,0.5,0.0,0.0,0.0,0.0,2020-01-30 05:00:00,0.3743157894736842
702,42120,1,0,0,37,1,0,0,0,0,0,0,0,0,1,0,1,0,0,0,0.0,1.0,0.0,0.0,0.0,2020-01-30 06:00:00,0.24729977116704804
703,42180,0,0,0,37,0,0,0,0,0,0,0,0,0,0,0,0,0,0,0,0.0,0.0,0.0,0.0,0.0,2020-01-30 07:00:00,0.0
704,42240,0,0,0,37,0,0,0,0,0,0,0,0,0,0,0,0,0,0,0,0.0,0.0,0.0,0.0,0.0,2020-01-30 08:00:00,0.0
705,42300,0,0,0,37,0,0,0,0,0,0,0,0,0,0,0,0,0,0,0,0.0,0.0,0.0,0.0,0.0,2020-01-30 09:00:00,0.0
706,42360,0,0,0,37,0,0,0,0,0,0,0,0,0,0,0,0,0,0,0,0.0,0.0,0.0,0.0,0.0,2020-01-30 10:00:00,0.0
707,42420,0,0,0,37,0,0,0,0,0,0,0,0,0,0,0,0,0,0,0,0.0,0.0,0.0,0.0,0.0,2020-01-30 11:00:00,0.0
708,42480,0,0,0,37,0,0,0,0,0,0,0,0,0,0,0,0,0,0,0,0.0,0.0,0.0,0.0,0.0,2020-01-30 12:00:00,0.0
709,42540,0,0,0,37,0,0,0,0,0,0,0,0,0,0,0,0,0,0,0,0.0,0.0,0.0,0.0,0.0,2020-01-30 13:00:00,0.0
710,42600,0,0,0,37,0,0,0,0,0,0,0,0,0,0,0,0,0,0,0,0.0,0.0,0.0,0.0,0.0,2020-01-30 14:00:00,0.0
711,42660,0,0,0,37,0,0,0,0,0,0,0,0,0,0,0,0,0,0,0,0.0,0.0,0.0,0.0,0.0,2020-01-30 15:00:00,0.0
712,42720,0,0,0,37,0,0,0,0,0,0,0,0,0,0,0,0,0,0,0,0.0,0.0,0.0,0.0,0.0,2020-01-30 16:00:00,0.0
713,42780,2,0,1,36,0,1,0,0,0,0,0,0,0,2,2,0,0,0,0,1.0,0.0,0.0,0.0,0.0,2020-01-30 17:00:00,0.17403508771929824
714,42840,1,0,0,36,0,1,0,0,0,0,0,0,0,1,1,0,0,0,0,0.5,0.0,0.0,0.0,0.0,2020-01-30 18:00:00,0.18819819819819822
715,42900,0,0,0,37,0,0,0,0,0,0,0,0,0,0,0,0,0,0,0,0.0,0.0,0.0,0.0,0.0,2020-01-30 19:00:00,0.0
716,42960,0,0,0,37,0,0,0,0,0,0,0,0,0,0,0,0,0,0,0,0.0,0.0,0.0,0.0,0.0,2020-01-30 20:00:00,0.0
717,43020,0,0,0,37,0,0,0,0,0,0,0,0,0,0,0,0,0,0,0,0.0,0.0,0.0,0.0,0.0,2020-01-30 21:00:00,0.0
718,43080,0,0,0,37,0,0,0,0,0,0,0,0,0,0,0,0,0,0,0,0.0,0.0,0.0,0.0,0.0,2020-01-30 22:00:00,0.0
719,43140,1,0,0,36,0,1,0,0,0,0,0,0,0,1,1,0,0,0,0,0.5,0.0,0.0,0.0,0.0,2020-01-30 23:00:00,0.3844324324324324
